"Thread","Method","Exit","Time (microseconds)"
"AWT-EventQueue-0","java.awt.EventDispatchThread.run()","false",0
"AWT-EventQueue-0","com.sunshine.sunsdk.swing.Theme.DarkGoldMetalTheme.getSecondary2()","false",0
"AWT-EventQueue-0","com.sunshine.sunsdk.swing.Theme.DarkGoldMetalTheme.getSecondary2()","true",750
"AWT-EventQueue-0","com.sunshine.sunsdk.swing.Theme.DarkGoldMetalTheme.getSecondary2()","false",496408
"AWT-EventQueue-0","com.sunshine.sunsdk.swing.Theme.DarkGoldMetalTheme.getSecondary2()","true",496419
"AWT-EventQueue-0","com.sunshine.sunsdk.swing.Theme.DarkGoldMetalTheme.getSecondary2()","false",497294
"AWT-EventQueue-0","com.sunshine.sunsdk.swing.Theme.DarkGoldMetalTheme.getSecondary2()","true",497304
"AWT-EventQueue-0","com.sunshine.sunsdk.swing.Theme.DarkGoldMetalTheme.getSecondary2()","false",1000540
"AWT-EventQueue-0","com.sunshine.sunsdk.swing.Theme.DarkGoldMetalTheme.getSecondary2()","true",1000549
"AWT-EventQueue-0","com.sunshine.sunsdk.swing.Theme.DarkGoldMetalTheme.getSecondary2()","false",1001600
"AWT-EventQueue-0","com.sunshine.sunsdk.swing.Theme.DarkGoldMetalTheme.getSecondary2()","true",1001607
"AWT-EventQueue-0","com.sunshine.sunsdk.swing.Theme.DarkGoldMetalTheme.getSecondary2()","false",1506544
"AWT-EventQueue-0","com.sunshine.sunsdk.swing.Theme.DarkGoldMetalTheme.getSecondary2()","true",1506549
"AWT-EventQueue-0","com.sunshine.sunsdk.swing.Theme.DarkGoldMetalTheme.getSecondary2()","false",1507690
"AWT-EventQueue-0","com.sunshine.sunsdk.swing.Theme.DarkGoldMetalTheme.getSecondary2()","true",1507696
"AWT-EventQueue-0","com.sunshine.sunsdk.swing.Theme.DarkGoldMetalTheme.getPrimary1()","false",1665993
"AWT-EventQueue-0","com.sunshine.sunsdk.swing.Theme.DarkGoldMetalTheme.getPrimary1()","true",1666007
"AWT-EventQueue-0","com.sunshine.sunsdk.swing.Theme.DarkGoldMetalTheme.getPrimary2()","false",1666010
"AWT-EventQueue-0","com.sunshine.sunsdk.swing.Theme.DarkGoldMetalTheme.getPrimary2()","true",1666011
"AWT-EventQueue-0","com.sunshine.sunsdk.swing.Theme.DarkGoldMetalTheme.getPrimary1()","false",1666276
"AWT-EventQueue-0","com.sunshine.sunsdk.swing.Theme.DarkGoldMetalTheme.getPrimary1()","true",1666279
"AWT-EventQueue-0","com.sunshine.sunsdk.swing.Theme.DarkGoldMetalTheme.getPrimary1()","false",1666311
"AWT-EventQueue-0","com.sunshine.sunsdk.swing.Theme.DarkGoldMetalTheme.getPrimary1()","true",1666312
"AWT-EventQueue-0","com.sunshine.sunsdk.swing.Theme.DarkGoldMetalTheme.getPrimary1()","false",1666435
"AWT-EventQueue-0","com.sunshine.sunsdk.swing.Theme.DarkGoldMetalTheme.getPrimary1()","true",1666436
"AWT-EventQueue-0","com.sunshine.sunsdk.swing.Theme.DarkGoldMetalTheme.getPrimary1()","false",1666464
"AWT-EventQueue-0","com.sunshine.sunsdk.swing.Theme.DarkGoldMetalTheme.getPrimary1()","true",1666465
"AWT-EventQueue-0","com.sunshine.sunsdk.swing.Theme.DarkGoldMetalTheme.getSecondary1()","false",1666866
"AWT-EventQueue-0","com.sunshine.sunsdk.swing.Theme.DarkGoldMetalTheme.getSecondary1()","true",1666874
"AWT-EventQueue-0","com.sunshine.sunsdk.swing.Theme.DarkGoldMetalTheme.getSecondary1()","false",1666939
"AWT-EventQueue-0","com.sunshine.sunsdk.swing.Theme.DarkGoldMetalTheme.getSecondary1()","true",1666941
"AWT-EventQueue-0","com.sunshine.sunsdk.swing.Theme.DarkGoldMetalTheme.getSecondary1()","false",1666978
"AWT-EventQueue-0","com.sunshine.sunsdk.swing.Theme.DarkGoldMetalTheme.getSecondary1()","true",1666982
"AWT-EventQueue-0","com.sunshine.sunsdk.swing.Theme.DarkGoldMetalTheme.getSecondary1()","false",1667011
"AWT-EventQueue-0","com.sunshine.sunsdk.swing.Theme.DarkGoldMetalTheme.getSecondary1()","true",1667012
"AWT-EventQueue-0","com.sunshine.sunsdk.swing.Theme.DarkGoldMetalTheme.getSecondary1()","false",1667039
"AWT-EventQueue-0","com.sunshine.sunsdk.swing.Theme.DarkGoldMetalTheme.getSecondary1()","true",1667040
"AWT-EventQueue-0","com.sunshine.sunsdk.swing.Theme.DarkGoldMetalTheme.getSecondary1()","false",1667067
"AWT-EventQueue-0","com.sunshine.sunsdk.swing.Theme.DarkGoldMetalTheme.getSecondary1()","true",1667068
"AWT-EventQueue-0","com.sunshine.sunsdk.swing.Theme.DarkGoldMetalTheme.getSecondary1()","false",1667094
"AWT-EventQueue-0","com.sunshine.sunsdk.swing.Theme.DarkGoldMetalTheme.getSecondary1()","true",1667096
"AWT-EventQueue-0","com.sunshine.sunsdk.swing.Theme.DarkGoldMetalTheme.getSecondary1()","false",1667121
"AWT-EventQueue-0","com.sunshine.sunsdk.swing.Theme.DarkGoldMetalTheme.getSecondary1()","true",1667122
"AWT-EventQueue-0","com.sunshine.sunsdk.swing.Theme.DarkGoldMetalTheme.getSecondary1()","false",1669355
"AWT-EventQueue-0","com.sunshine.sunsdk.swing.Theme.DarkGoldMetalTheme.getSecondary1()","true",1669382
"AWT-EventQueue-0","com.sunshine.sunsdk.swing.Theme.DarkGoldMetalTheme.getSecondary3()","false",1669478
"AWT-EventQueue-0","com.sunshine.sunsdk.swing.Theme.DarkGoldMetalTheme.getSecondary3()","true",1669485
"AWT-EventQueue-0","com.sunshine.sunsdk.swing.Theme.DarkGoldMetalTheme.getSecondary1()","false",1675002
"AWT-EventQueue-0","com.sunshine.sunsdk.swing.Theme.DarkGoldMetalTheme.getSecondary1()","true",1675010
"AWT-EventQueue-0","com.sunshine.sunsdk.swing.Theme.DarkGoldMetalTheme.getSecondary3()","false",1675022
"AWT-EventQueue-0","com.sunshine.sunsdk.swing.Theme.DarkGoldMetalTheme.getSecondary3()","true",1675023
"AWT-EventQueue-0","com.sunshine.sunsdk.swing.Theme.DarkGoldMetalTheme.getSecondary1()","false",1675717
"AWT-EventQueue-0","com.sunshine.sunsdk.swing.Theme.DarkGoldMetalTheme.getSecondary1()","true",1675742
"AWT-EventQueue-0","com.sunshine.sunsdk.swing.Theme.DarkGoldMetalTheme.getSecondary3()","false",1675803
"AWT-EventQueue-0","com.sunshine.sunsdk.swing.Theme.DarkGoldMetalTheme.getSecondary3()","true",1675805
"AWT-EventQueue-0","com.sunshine.sunsdk.swing.Theme.DarkGoldMetalTheme.getSecondary1()","false",1677146
"AWT-EventQueue-0","com.sunshine.sunsdk.swing.Theme.DarkGoldMetalTheme.getSecondary1()","true",1677169
"AWT-EventQueue-0","com.sunshine.sunsdk.swing.Theme.DarkGoldMetalTheme.getSecondary3()","false",1677225
"AWT-EventQueue-0","com.sunshine.sunsdk.swing.Theme.DarkGoldMetalTheme.getSecondary3()","true",1677228
"AWT-EventQueue-0","com.sunshine.sunsdk.swing.Theme.DarkGoldMetalTheme.getSecondary2()","false",1688081
"AWT-EventQueue-0","com.sunshine.sunsdk.swing.Theme.DarkGoldMetalTheme.getSecondary2()","true",1688088
"AWT-EventQueue-0","com.sunshine.sunsdk.swing.Theme.DarkGoldMetalTheme.getSecondary1()","false",1688479
"AWT-EventQueue-0","com.sunshine.sunsdk.swing.Theme.DarkGoldMetalTheme.getSecondary1()","true",1688483
"AWT-EventQueue-0","com.sunshine.sunsdk.swing.Theme.DarkGoldMetalTheme.getSecondary3()","false",1688493
"AWT-EventQueue-0","com.sunshine.sunsdk.swing.Theme.DarkGoldMetalTheme.getSecondary3()","true",1688498
"AWT-EventQueue-0","com.sunshine.sunsdk.swing.Theme.DarkGoldMetalTheme.getSecondary1()","false",1688592
"AWT-EventQueue-0","com.sunshine.sunsdk.swing.Theme.DarkGoldMetalTheme.getSecondary1()","true",1688594
"AWT-EventQueue-0","com.sunshine.sunsdk.swing.Theme.DarkGoldMetalTheme.getSecondary3()","false",1688599
"AWT-EventQueue-0","com.sunshine.sunsdk.swing.Theme.DarkGoldMetalTheme.getSecondary3()","true",1688600
"AWT-EventQueue-0","com.sunshine.sunsdk.swing.Theme.DarkGoldMetalTheme.getSecondary1()","false",1688647
"AWT-EventQueue-0","com.sunshine.sunsdk.swing.Theme.DarkGoldMetalTheme.getSecondary1()","true",1688648
"AWT-EventQueue-0","com.sunshine.sunsdk.swing.Theme.DarkGoldMetalTheme.getSecondary3()","false",1688652
"AWT-EventQueue-0","com.sunshine.sunsdk.swing.Theme.DarkGoldMetalTheme.getSecondary3()","true",1688653
"AWT-EventQueue-0","com.sunshine.sunsdk.swing.Theme.DarkGoldMetalTheme.getSecondary1()","false",1688694
"AWT-EventQueue-0","com.sunshine.sunsdk.swing.Theme.DarkGoldMetalTheme.getSecondary1()","true",1688695
"AWT-EventQueue-0","com.sunshine.sunsdk.swing.Theme.DarkGoldMetalTheme.getSecondary3()","false",1688699
"AWT-EventQueue-0","com.sunshine.sunsdk.swing.Theme.DarkGoldMetalTheme.getSecondary3()","true",1688700
"AWT-EventQueue-0","com.sunshine.sunsdk.swing.Theme.DarkGoldMetalTheme.getSecondary1()","false",1688737
"AWT-EventQueue-0","com.sunshine.sunsdk.swing.Theme.DarkGoldMetalTheme.getSecondary1()","true",1688738
"AWT-EventQueue-0","com.sunshine.sunsdk.swing.Theme.DarkGoldMetalTheme.getSecondary3()","false",1688741
"AWT-EventQueue-0","com.sunshine.sunsdk.swing.Theme.DarkGoldMetalTheme.getSecondary3()","true",1688742
"AWT-EventQueue-0","com.sunshine.sunsdk.swing.Theme.DarkGoldMetalTheme.getSecondary1()","false",1688783
"AWT-EventQueue-0","com.sunshine.sunsdk.swing.Theme.DarkGoldMetalTheme.getSecondary1()","true",1688784
"AWT-EventQueue-0","com.sunshine.sunsdk.swing.Theme.DarkGoldMetalTheme.getSecondary3()","false",1688788
"AWT-EventQueue-0","com.sunshine.sunsdk.swing.Theme.DarkGoldMetalTheme.getSecondary3()","true",1688789
"AWT-EventQueue-0","com.sunshine.sunsdk.swing.Theme.DarkGoldMetalTheme.getSecondary1()","false",1688823
"AWT-EventQueue-0","com.sunshine.sunsdk.swing.Theme.DarkGoldMetalTheme.getSecondary1()","true",1688825
"AWT-EventQueue-0","com.sunshine.sunsdk.swing.Theme.DarkGoldMetalTheme.getSecondary3()","false",1688828
"AWT-EventQueue-0","com.sunshine.sunsdk.swing.Theme.DarkGoldMetalTheme.getSecondary3()","true",1688829
"AWT-EventQueue-0","com.sunshine.sunsdk.swing.Theme.DarkGoldMetalTheme.getSecondary1()","false",1688864
"AWT-EventQueue-0","com.sunshine.sunsdk.swing.Theme.DarkGoldMetalTheme.getSecondary1()","true",1688865
"AWT-EventQueue-0","com.sunshine.sunsdk.swing.Theme.DarkGoldMetalTheme.getSecondary3()","false",1688869
"AWT-EventQueue-0","com.sunshine.sunsdk.swing.Theme.DarkGoldMetalTheme.getSecondary3()","true",1688870
"AWT-EventQueue-0","com.sunshine.sunsdk.swing.Theme.DarkGoldMetalTheme.getSecondary1()","false",1688913
"AWT-EventQueue-0","com.sunshine.sunsdk.swing.Theme.DarkGoldMetalTheme.getSecondary1()","true",1688914
"AWT-EventQueue-0","com.sunshine.sunsdk.swing.Theme.DarkGoldMetalTheme.getSecondary3()","false",1688918
"AWT-EventQueue-0","com.sunshine.sunsdk.swing.Theme.DarkGoldMetalTheme.getSecondary3()","true",1688919
"AWT-EventQueue-0","com.sunshine.sunsdk.swing.Theme.DarkGoldMetalTheme.getSecondary1()","false",1688957
"AWT-EventQueue-0","com.sunshine.sunsdk.swing.Theme.DarkGoldMetalTheme.getSecondary1()","true",1688958
"AWT-EventQueue-0","com.sunshine.sunsdk.swing.Theme.DarkGoldMetalTheme.getSecondary3()","false",1688962
"AWT-EventQueue-0","com.sunshine.sunsdk.swing.Theme.DarkGoldMetalTheme.getSecondary3()","true",1688963
"AWT-EventQueue-0","com.sunshine.sunsdk.swing.Theme.DarkGoldMetalTheme.getSecondary2()","false",1688993
"AWT-EventQueue-0","com.sunshine.sunsdk.swing.Theme.DarkGoldMetalTheme.getSecondary2()","true",1688995
"AWT-EventQueue-0","com.sunshine.sunsdk.swing.Theme.DarkGoldMetalTheme.getPrimary3()","false",1689444
"AWT-EventQueue-0","com.sunshine.sunsdk.swing.Theme.DarkGoldMetalTheme.getPrimary3()","true",1689449
"AWT-EventQueue-0","com.sunshine.sunsdk.swing.Theme.DarkGoldMetalTheme.getPrimary3()","false",1689450
"AWT-EventQueue-0","com.sunshine.sunsdk.swing.Theme.DarkGoldMetalTheme.getPrimary3()","true",1689451
"AWT-EventQueue-0","com.sunshine.sunsdk.swing.Theme.DarkGoldMetalTheme.getPrimary1()","false",1689452
"AWT-EventQueue-0","com.sunshine.sunsdk.swing.Theme.DarkGoldMetalTheme.getPrimary1()","true",1689453
"AWT-EventQueue-0","com.sunshine.sunsdk.swing.Theme.DarkGoldMetalTheme.getPrimary3()","false",1689492
"AWT-EventQueue-0","com.sunshine.sunsdk.swing.Theme.DarkGoldMetalTheme.getPrimary3()","true",1689493
"AWT-EventQueue-0","com.sunshine.sunsdk.swing.Theme.DarkGoldMetalTheme.getPrimary3()","false",1689494
"AWT-EventQueue-0","com.sunshine.sunsdk.swing.Theme.DarkGoldMetalTheme.getPrimary3()","true",1689495
"AWT-EventQueue-0","com.sunshine.sunsdk.swing.Theme.DarkGoldMetalTheme.getPrimary1()","false",1689496
"AWT-EventQueue-0","com.sunshine.sunsdk.swing.Theme.DarkGoldMetalTheme.getPrimary1()","true",1689496
"AWT-EventQueue-0","com.sunshine.sunsdk.swing.Theme.DarkGoldMetalTheme.getPrimary3()","false",1689529
"AWT-EventQueue-0","com.sunshine.sunsdk.swing.Theme.DarkGoldMetalTheme.getPrimary3()","true",1689530
"AWT-EventQueue-0","com.sunshine.sunsdk.swing.Theme.DarkGoldMetalTheme.getPrimary3()","false",1689531
"AWT-EventQueue-0","com.sunshine.sunsdk.swing.Theme.DarkGoldMetalTheme.getPrimary3()","true",1689532
"AWT-EventQueue-0","com.sunshine.sunsdk.swing.Theme.DarkGoldMetalTheme.getPrimary1()","false",1689533
"AWT-EventQueue-0","com.sunshine.sunsdk.swing.Theme.DarkGoldMetalTheme.getPrimary1()","true",1689533
"AWT-EventQueue-0","com.sunshine.sunsdk.swing.Theme.DarkGoldMetalTheme.getPrimary3()","false",1689560
"AWT-EventQueue-0","com.sunshine.sunsdk.swing.Theme.DarkGoldMetalTheme.getPrimary3()","true",1689561
"AWT-EventQueue-0","com.sunshine.sunsdk.swing.Theme.DarkGoldMetalTheme.getPrimary1()","false",1689562
"AWT-EventQueue-0","com.sunshine.sunsdk.swing.Theme.DarkGoldMetalTheme.getPrimary1()","true",1689562
"AWT-EventQueue-0","com.sunshine.sunsdk.swing.Theme.DarkGoldMetalTheme.getSecondary1()","false",1701575
"AWT-EventQueue-0","com.sunshine.sunsdk.swing.Theme.DarkGoldMetalTheme.getSecondary1()","true",1701581
"AWT-EventQueue-0","com.sunshine.sunsdk.swing.Theme.DarkGoldMetalTheme.getSecondary3()","false",1701587
"AWT-EventQueue-0","com.sunshine.sunsdk.swing.Theme.DarkGoldMetalTheme.getSecondary3()","true",1701590
"AWT-EventQueue-0","com.sunshine.sunsdk.swing.Theme.DarkGoldMetalTheme.getSecondary2()","false",2010986
"AWT-EventQueue-0","com.sunshine.sunsdk.swing.Theme.DarkGoldMetalTheme.getSecondary2()","true",2010990
"AWT-EventQueue-0","com.sunshine.sunsdk.swing.Theme.DarkGoldMetalTheme.getSecondary2()","false",2011770
"AWT-EventQueue-0","com.sunshine.sunsdk.swing.Theme.DarkGoldMetalTheme.getSecondary2()","true",2011775
"AWT-EventQueue-0","com.sunshine.mainframe.RightTopPanel.mouseEntered(java.awt.event.MouseEvent)","false",2018510
"AWT-EventQueue-0","com.sunshine.mainframe.RightTopPanel.mouseEntered(java.awt.event.MouseEvent)","true",2018542
"AWT-EventQueue-0","com.sunshine.mainframe.RightTopPanel.mouseExited(java.awt.event.MouseEvent)","false",2045709
"AWT-EventQueue-0","com.sunshine.mainframe.RightTopPanel.mouseExited(java.awt.event.MouseEvent)","true",2045759
"AWT-EventQueue-0","com.sunshine.sunsdk.swing.TJButton.mouseEntered(java.awt.event.MouseEvent)","false",2045791
"AWT-EventQueue-0","com.sunshine.sunsdk.swing.TJButton.mouseEntered(java.awt.event.MouseEvent)","true",2045831
"AWT-EventQueue-0","com.sunshine.mainframe.HotelFrame.mouseEntered(java.awt.event.MouseEvent)","false",2045833
"AWT-EventQueue-0","com.sunshine.mainframe.HotelFrame.mouseEntered(java.awt.event.MouseEvent)","true",2045847
"AWT-EventQueue-0","com.sunshine.sunsdk.swing.Theme.DarkGoldMetalTheme.getSecondary1()","false",2047486
"AWT-EventQueue-0","com.sunshine.sunsdk.swing.Theme.DarkGoldMetalTheme.getSecondary1()","true",2047500
"AWT-EventQueue-0","com.sunshine.sunsdk.swing.Theme.DarkGoldMetalTheme.getSecondary3()","false",2047522
"AWT-EventQueue-0","com.sunshine.sunsdk.swing.Theme.DarkGoldMetalTheme.getSecondary3()","true",2047523
"AWT-EventQueue-0","com.sunshine.sunsdk.swing.TJButton.mouseExited(java.awt.event.MouseEvent)","false",2075856
"AWT-EventQueue-0","com.sunshine.sunsdk.swing.TJButton.mouseExited(java.awt.event.MouseEvent)","true",2075906
"AWT-EventQueue-0","com.sunshine.mainframe.HotelFrame.mouseExited(java.awt.event.MouseEvent)","false",2075909
"AWT-EventQueue-0","com.sunshine.mainframe.HotelFrame.mouseExited(java.awt.event.MouseEvent)","true",2075930
"AWT-EventQueue-0","com.sunshine.sunsdk.swing.Theme.DarkGoldMetalTheme.getSecondary1()","false",2076792
"AWT-EventQueue-0","com.sunshine.sunsdk.swing.Theme.DarkGoldMetalTheme.getSecondary1()","true",2076795
"AWT-EventQueue-0","com.sunshine.sunsdk.swing.Theme.DarkGoldMetalTheme.getSecondary3()","false",2076818
"AWT-EventQueue-0","com.sunshine.sunsdk.swing.Theme.DarkGoldMetalTheme.getSecondary3()","true",2076819
"AWT-EventQueue-0","com.sunshine.sunsdk.swing.TJButton.mouseEntered(java.awt.event.MouseEvent)","false",2144499
"AWT-EventQueue-0","com.sunshine.sunsdk.swing.TJButton.mouseEntered(java.awt.event.MouseEvent)","true",2144554
"AWT-EventQueue-0","com.sunshine.mainframe.HotelFrame.mouseEntered(java.awt.event.MouseEvent)","false",2144556
"AWT-EventQueue-0","com.sunshine.mainframe.HotelFrame.mouseEntered(java.awt.event.MouseEvent)","true",2144583
"AWT-EventQueue-0","com.sunshine.sunsdk.swing.Theme.DarkGoldMetalTheme.getSecondary1()","false",2145663
"AWT-EventQueue-0","com.sunshine.sunsdk.swing.Theme.DarkGoldMetalTheme.getSecondary1()","true",2145683
"AWT-EventQueue-0","com.sunshine.sunsdk.swing.Theme.DarkGoldMetalTheme.getSecondary3()","false",2145758
"AWT-EventQueue-0","com.sunshine.sunsdk.swing.Theme.DarkGoldMetalTheme.getSecondary3()","true",2145769
"AWT-EventQueue-0","com.sunshine.sunsdk.swing.TJButton.mouseExited(java.awt.event.MouseEvent)","false",2359517
"AWT-EventQueue-0","com.sunshine.sunsdk.swing.TJButton.mouseExited(java.awt.event.MouseEvent)","true",2359569
"AWT-EventQueue-0","com.sunshine.mainframe.HotelFrame.mouseExited(java.awt.event.MouseEvent)","false",2359576
"AWT-EventQueue-0","com.sunshine.mainframe.HotelFrame.mouseExited(java.awt.event.MouseEvent)","true",2359604
"AWT-EventQueue-0","com.sunshine.sunsdk.swing.TJButton.mouseEntered(java.awt.event.MouseEvent)","false",2359640
"AWT-EventQueue-0","com.sunshine.sunsdk.swing.TJButton.mouseEntered(java.awt.event.MouseEvent)","true",2359648
"AWT-EventQueue-0","com.sunshine.mainframe.HotelFrame.mouseEntered(java.awt.event.MouseEvent)","false",2359650
"AWT-EventQueue-0","com.sunshine.mainframe.HotelFrame.mouseEntered(java.awt.event.MouseEvent)","true",2359660
"AWT-EventQueue-0","com.sunshine.sunsdk.swing.Theme.DarkGoldMetalTheme.getSecondary1()","false",2360015
"AWT-EventQueue-0","com.sunshine.sunsdk.swing.Theme.DarkGoldMetalTheme.getSecondary1()","true",2360018
"AWT-EventQueue-0","com.sunshine.sunsdk.swing.Theme.DarkGoldMetalTheme.getSecondary3()","false",2360024
"AWT-EventQueue-0","com.sunshine.sunsdk.swing.Theme.DarkGoldMetalTheme.getSecondary3()","true",2360025
"AWT-EventQueue-0","com.sunshine.sunsdk.swing.Theme.DarkGoldMetalTheme.getSecondary1()","false",2360901
"AWT-EventQueue-0","com.sunshine.sunsdk.swing.Theme.DarkGoldMetalTheme.getSecondary1()","true",2360905
"AWT-EventQueue-0","com.sunshine.sunsdk.swing.Theme.DarkGoldMetalTheme.getSecondary3()","false",2360913
"AWT-EventQueue-0","com.sunshine.sunsdk.swing.Theme.DarkGoldMetalTheme.getSecondary3()","true",2360914
"AWT-EventQueue-0","com.sunshine.sunsdk.swing.Theme.DarkGoldMetalTheme.getSecondary2()","false",2517164
"AWT-EventQueue-0","com.sunshine.sunsdk.swing.Theme.DarkGoldMetalTheme.getSecondary2()","true",2517172
"AWT-EventQueue-0","com.sunshine.sunsdk.swing.Theme.DarkGoldMetalTheme.getSecondary2()","false",2518676
"AWT-EventQueue-0","com.sunshine.sunsdk.swing.Theme.DarkGoldMetalTheme.getSecondary2()","true",2518700
"AWT-EventQueue-0","com.sunshine.sunsdk.swing.TJButton.mouseExited(java.awt.event.MouseEvent)","false",2753592
"AWT-EventQueue-0","com.sunshine.sunsdk.swing.TJButton.mouseExited(java.awt.event.MouseEvent)","true",2753645
"AWT-EventQueue-0","com.sunshine.mainframe.HotelFrame.mouseExited(java.awt.event.MouseEvent)","false",2753647
"AWT-EventQueue-0","com.sunshine.mainframe.HotelFrame.mouseExited(java.awt.event.MouseEvent)","true",2753667
"AWT-EventQueue-0","com.sunshine.sunsdk.swing.TJButton.mouseEntered(java.awt.event.MouseEvent)","false",2753689
"AWT-EventQueue-0","com.sunshine.sunsdk.swing.TJButton.mouseEntered(java.awt.event.MouseEvent)","true",2753696
"AWT-EventQueue-0","com.sunshine.mainframe.HotelFrame.mouseEntered(java.awt.event.MouseEvent)","false",2753698
"AWT-EventQueue-0","com.sunshine.mainframe.HotelFrame.mouseEntered(java.awt.event.MouseEvent)","true",2753708
"AWT-EventQueue-0","com.sunshine.sunsdk.swing.Theme.DarkGoldMetalTheme.getSecondary1()","false",2754211
"AWT-EventQueue-0","com.sunshine.sunsdk.swing.Theme.DarkGoldMetalTheme.getSecondary1()","true",2754214
"AWT-EventQueue-0","com.sunshine.sunsdk.swing.Theme.DarkGoldMetalTheme.getSecondary3()","false",2754220
"AWT-EventQueue-0","com.sunshine.sunsdk.swing.Theme.DarkGoldMetalTheme.getSecondary3()","true",2754221
"AWT-EventQueue-0","com.sunshine.sunsdk.swing.Theme.DarkGoldMetalTheme.getSecondary1()","false",2755085
"AWT-EventQueue-0","com.sunshine.sunsdk.swing.Theme.DarkGoldMetalTheme.getSecondary1()","true",2755089
"AWT-EventQueue-0","com.sunshine.sunsdk.swing.Theme.DarkGoldMetalTheme.getSecondary3()","false",2755093
"AWT-EventQueue-0","com.sunshine.sunsdk.swing.Theme.DarkGoldMetalTheme.getSecondary3()","true",2755093
"AWT-EventQueue-0","com.sunshine.sunsdk.swing.Theme.DarkGoldMetalTheme.getSecondary2()","false",3018004
"AWT-EventQueue-0","com.sunshine.sunsdk.swing.Theme.DarkGoldMetalTheme.getSecondary2()","true",3018014
"AWT-EventQueue-0","com.sunshine.sunsdk.swing.Theme.DarkGoldMetalTheme.getSecondary2()","false",3019378
"AWT-EventQueue-0","com.sunshine.sunsdk.swing.Theme.DarkGoldMetalTheme.getSecondary2()","true",3019386
"AWT-EventQueue-0","com.sunshine.sunsdk.swing.TJButton.mousePressed(java.awt.event.MouseEvent)","false",3063168
"AWT-EventQueue-0","com.sunshine.sunsdk.swing.TJButton.mousePressed(java.awt.event.MouseEvent)","true",3063178
"AWT-EventQueue-0","com.sunshine.mainframe.HotelFrame.mousePressed(java.awt.event.MouseEvent)","false",3063182
"AWT-EventQueue-0","com.sunshine.mainframe.HotelFrame.mousePressed(java.awt.event.MouseEvent)","true",3063184
"AWT-EventQueue-0","com.sunshine.sunsdk.swing.Theme.DarkGoldMetalTheme.getSecondary1()","false",3063703
"AWT-EventQueue-0","com.sunshine.sunsdk.swing.Theme.DarkGoldMetalTheme.getSecondary1()","true",3063709
"AWT-EventQueue-0","com.sunshine.sunsdk.swing.Theme.DarkGoldMetalTheme.getSecondary3()","false",3063717
"AWT-EventQueue-0","com.sunshine.sunsdk.swing.Theme.DarkGoldMetalTheme.getSecondary3()","true",3063718
"AWT-EventQueue-0","com.sunshine.sunsdk.swing.Theme.DarkGoldMetalTheme.getSecondary2()","false",3063726
"AWT-EventQueue-0","com.sunshine.sunsdk.swing.Theme.DarkGoldMetalTheme.getSecondary2()","true",3063727
"AWT-EventQueue-0","com.sunshine.mainframe.HotelFrame.actionPerformed(java.awt.event.ActionEvent)","false",3142733
"AWT-EventQueue-0","com.sunshine.sunsdk.swing.Theme.DarkGoldMetalTheme.getSecondary1()","false",3151312
"AWT-EventQueue-0","com.sunshine.sunsdk.swing.Theme.DarkGoldMetalTheme.getSecondary1()","true",3151325
"AWT-EventQueue-0","com.sunshine.sunsdk.swing.Theme.DarkGoldMetalTheme.getSecondary2()","false",3151329
"AWT-EventQueue-0","com.sunshine.sunsdk.swing.Theme.DarkGoldMetalTheme.getSecondary2()","true",3151330
"AWT-EventQueue-0","com.sunshine.sunsdk.swing.Theme.DarkGoldMetalTheme.getSecondary1()","false",3151881
"AWT-EventQueue-0","com.sunshine.sunsdk.swing.Theme.DarkGoldMetalTheme.getSecondary1()","true",3151885
"AWT-EventQueue-0","com.sunshine.sunsdk.swing.Theme.DarkGoldMetalTheme.getSecondary3()","false",3151894
"AWT-EventQueue-0","com.sunshine.sunsdk.swing.Theme.DarkGoldMetalTheme.getSecondary3()","true",3151896
"AWT-EventQueue-0","com.sunshine.sunsdk.swing.Theme.DarkGoldMetalTheme.getSecondary1()","false",3152084
"AWT-EventQueue-0","com.sunshine.sunsdk.swing.Theme.DarkGoldMetalTheme.getSecondary1()","true",3152088
"AWT-EventQueue-0","com.sunshine.sunsdk.swing.Theme.DarkGoldMetalTheme.getSecondary1()","false",3152185
"AWT-EventQueue-0","com.sunshine.sunsdk.swing.Theme.DarkGoldMetalTheme.getSecondary1()","true",3152188
"AWT-EventQueue-0","com.sunshine.sunsdk.swing.Theme.DarkGoldMetalTheme.getSecondary1()","false",3152272
"AWT-EventQueue-0","com.sunshine.sunsdk.swing.Theme.DarkGoldMetalTheme.getSecondary1()","true",3152274
"AWT-EventQueue-0","com.sunshine.sunsdk.swing.Theme.DarkGoldMetalTheme.getSecondary1()","false",3152324
"AWT-EventQueue-0","com.sunshine.sunsdk.swing.Theme.DarkGoldMetalTheme.getSecondary1()","true",3152326
"AWT-EventQueue-0","com.sunshine.sunsdk.swing.Theme.DarkGoldMetalTheme.getSecondary1()","false",3152384
"AWT-EventQueue-0","com.sunshine.sunsdk.swing.Theme.DarkGoldMetalTheme.getSecondary1()","true",3152386
"AWT-EventQueue-0","com.sunshine.sunsdk.swing.Theme.DarkGoldMetalTheme.getSecondary1()","false",3152436
"AWT-EventQueue-0","com.sunshine.sunsdk.swing.Theme.DarkGoldMetalTheme.getSecondary1()","true",3152439
"AWT-EventQueue-0","com.sunshine.sunsdk.swing.Theme.DarkGoldMetalTheme.getSecondary1()","false",3159160
"AWT-EventQueue-0","com.sunshine.sunsdk.swing.Theme.DarkGoldMetalTheme.getSecondary1()","true",3159185
"AWT-EventQueue-0","com.sunshine.sunsdk.swing.Theme.DarkGoldMetalTheme.getSecondary3()","false",3159238
"AWT-EventQueue-0","com.sunshine.sunsdk.swing.Theme.DarkGoldMetalTheme.getSecondary3()","true",3159240
"AWT-EventQueue-0","com.sunshine.sunsdk.swing.Theme.DarkGoldMetalTheme.getSecondary1()","false",3159415
"AWT-EventQueue-0","com.sunshine.sunsdk.swing.Theme.DarkGoldMetalTheme.getSecondary1()","true",3159417
"AWT-EventQueue-0","com.sunshine.sunsdk.swing.Theme.DarkGoldMetalTheme.getSecondary3()","false",3159423
"AWT-EventQueue-0","com.sunshine.sunsdk.swing.Theme.DarkGoldMetalTheme.getSecondary3()","true",3159424
"AWT-EventQueue-0","com.sunshine.sunsdk.swing.Theme.DarkGoldMetalTheme.getSecondary1()","false",3159904
"AWT-EventQueue-0","com.sunshine.sunsdk.swing.Theme.DarkGoldMetalTheme.getSecondary1()","true",3159908
"AWT-EventQueue-0","com.sunshine.sunsdk.swing.Theme.DarkGoldMetalTheme.getSecondary3()","false",3159915
"AWT-EventQueue-0","com.sunshine.sunsdk.swing.Theme.DarkGoldMetalTheme.getSecondary3()","true",3159916
"AWT-EventQueue-0","com.sunshine.sunsdk.swing.Theme.DarkGoldMetalTheme.getSecondary1()","false",3159976
"AWT-EventQueue-0","com.sunshine.sunsdk.swing.Theme.DarkGoldMetalTheme.getSecondary1()","true",3159977
"AWT-EventQueue-0","com.sunshine.sunsdk.swing.Theme.DarkGoldMetalTheme.getSecondary3()","false",3159981
"AWT-EventQueue-0","com.sunshine.sunsdk.swing.Theme.DarkGoldMetalTheme.getSecondary3()","true",3159981
"AWT-EventQueue-0","com.sunshine.sunsdk.swing.Theme.DarkGoldMetalTheme.getSecondary1()","false",3160023
"AWT-EventQueue-0","com.sunshine.sunsdk.swing.Theme.DarkGoldMetalTheme.getSecondary1()","true",3160024
"AWT-EventQueue-0","com.sunshine.sunsdk.swing.Theme.DarkGoldMetalTheme.getSecondary3()","false",3160028
"AWT-EventQueue-0","com.sunshine.sunsdk.swing.Theme.DarkGoldMetalTheme.getSecondary3()","true",3160028
"AWT-EventQueue-0","com.sunshine.sunsdk.swing.Theme.DarkGoldMetalTheme.getPrimary3()","false",3160199
"AWT-EventQueue-0","com.sunshine.sunsdk.swing.Theme.DarkGoldMetalTheme.getPrimary3()","true",3160203
"AWT-EventQueue-0","com.sunshine.sunsdk.swing.Theme.DarkGoldMetalTheme.getPrimary3()","false",3160204
"AWT-EventQueue-0","com.sunshine.sunsdk.swing.Theme.DarkGoldMetalTheme.getPrimary3()","true",3160205
"AWT-EventQueue-0","com.sunshine.sunsdk.swing.Theme.DarkGoldMetalTheme.getPrimary1()","false",3160211
"AWT-EventQueue-0","com.sunshine.sunsdk.swing.Theme.DarkGoldMetalTheme.getPrimary1()","true",3160212
"AWT-EventQueue-0","com.sunshine.sunsdk.swing.Theme.DarkGoldMetalTheme.getSecondary3()","false",3160216
"AWT-EventQueue-0","com.sunshine.sunsdk.swing.Theme.DarkGoldMetalTheme.getSecondary3()","true",3160216
"AWT-EventQueue-0","com.sunshine.sunsdk.swing.Theme.DarkGoldMetalTheme.getSecondary1()","false",3160217
"AWT-EventQueue-0","com.sunshine.sunsdk.swing.Theme.DarkGoldMetalTheme.getSecondary1()","true",3160217
"AWT-EventQueue-0","com.sunshine.sunsdk.swing.Theme.DarkGoldMetalTheme.getPrimary1()","false",3206486
"AWT-EventQueue-0","com.sunshine.sunsdk.swing.Theme.DarkGoldMetalTheme.getPrimary1()","true",3206509
"AWT-EventQueue-0","com.sunshine.sunsdk.swing.Theme.DarkGoldMetalTheme.getPrimary2()","false",3206518
"AWT-EventQueue-0","com.sunshine.sunsdk.swing.Theme.DarkGoldMetalTheme.getPrimary2()","true",3206529
"AWT-EventQueue-0","com.sunshine.sunsdk.swing.Theme.DarkGoldMetalTheme.getSecondary1()","false",3208171
"AWT-EventQueue-0","com.sunshine.sunsdk.swing.Theme.DarkGoldMetalTheme.getSecondary1()","true",3208177
"AWT-EventQueue-0","com.sunshine.sunsdk.swing.Theme.DarkGoldMetalTheme.getSecondary3()","false",3208189
"AWT-EventQueue-0","com.sunshine.sunsdk.swing.Theme.DarkGoldMetalTheme.getSecondary3()","true",3208190
"AWT-EventQueue-0","com.sunshine.sunsdk.swing.Theme.DarkGoldMetalTheme.getSecondary1()","false",3208405
"AWT-EventQueue-0","com.sunshine.sunsdk.swing.Theme.DarkGoldMetalTheme.getSecondary1()","true",3208408
"AWT-EventQueue-0","com.sunshine.sunsdk.swing.Theme.DarkGoldMetalTheme.getSecondary1()","false",3208451
"AWT-EventQueue-0","com.sunshine.sunsdk.swing.Theme.DarkGoldMetalTheme.getSecondary1()","true",3208453
"AWT-EventQueue-0","com.sunshine.sunsdk.swing.Theme.DarkGoldMetalTheme.getSecondary1()","false",3208540
"AWT-EventQueue-0","com.sunshine.sunsdk.swing.Theme.DarkGoldMetalTheme.getSecondary1()","true",3208542
"AWT-EventQueue-0","com.sunshine.sunsdk.swing.Theme.DarkGoldMetalTheme.getSecondary1()","false",3208616
"AWT-EventQueue-0","com.sunshine.sunsdk.swing.Theme.DarkGoldMetalTheme.getSecondary1()","true",3208618
"AWT-EventQueue-0","com.sunshine.sunsdk.swing.Theme.DarkGoldMetalTheme.getSecondary1()","false",3208668
"AWT-EventQueue-0","com.sunshine.sunsdk.swing.Theme.DarkGoldMetalTheme.getSecondary1()","true",3208669
"AWT-EventQueue-0","com.sunshine.sunsdk.swing.Theme.DarkGoldMetalTheme.getSecondary1()","false",3208740
"AWT-EventQueue-0","com.sunshine.sunsdk.swing.Theme.DarkGoldMetalTheme.getSecondary1()","true",3208742
"AWT-EventQueue-0","com.sunshine.sunsdk.swing.Theme.DarkGoldMetalTheme.getSecondary1()","false",3210421
"AWT-EventQueue-0","com.sunshine.sunsdk.swing.Theme.DarkGoldMetalTheme.getSecondary1()","true",3210425
"AWT-EventQueue-0","com.sunshine.sunsdk.swing.Theme.DarkGoldMetalTheme.getSecondary3()","false",3210437
"AWT-EventQueue-0","com.sunshine.sunsdk.swing.Theme.DarkGoldMetalTheme.getSecondary3()","true",3210438
"AWT-EventQueue-0","com.sunshine.sunsdk.swing.Theme.DarkGoldMetalTheme.getSecondary1()","false",3210519
"AWT-EventQueue-0","com.sunshine.sunsdk.swing.Theme.DarkGoldMetalTheme.getSecondary1()","true",3210520
"AWT-EventQueue-0","com.sunshine.sunsdk.swing.Theme.DarkGoldMetalTheme.getSecondary3()","false",3210524
"AWT-EventQueue-0","com.sunshine.sunsdk.swing.Theme.DarkGoldMetalTheme.getSecondary3()","true",3210525
"AWT-EventQueue-0","com.sunshine.sunsdk.swing.Theme.DarkGoldMetalTheme.getSecondary1()","false",3211019
"AWT-EventQueue-0","com.sunshine.sunsdk.swing.Theme.DarkGoldMetalTheme.getSecondary1()","true",3211029
"AWT-EventQueue-0","com.sunshine.sunsdk.swing.Theme.DarkGoldMetalTheme.getSecondary3()","false",3211049
"AWT-EventQueue-0","com.sunshine.sunsdk.swing.Theme.DarkGoldMetalTheme.getSecondary3()","true",3211053
"AWT-EventQueue-0","com.sunshine.sunsdk.swing.Theme.DarkGoldMetalTheme.getSecondary1()","false",3211223
"AWT-EventQueue-0","com.sunshine.sunsdk.swing.Theme.DarkGoldMetalTheme.getSecondary1()","true",3211229
"AWT-EventQueue-0","com.sunshine.sunsdk.swing.Theme.DarkGoldMetalTheme.getSecondary3()","false",3211245
"AWT-EventQueue-0","com.sunshine.sunsdk.swing.Theme.DarkGoldMetalTheme.getSecondary3()","true",3211249
"AWT-EventQueue-0","com.sunshine.sunsdk.swing.Theme.DarkGoldMetalTheme.getSecondary1()","false",3211460
"AWT-EventQueue-0","com.sunshine.sunsdk.swing.Theme.DarkGoldMetalTheme.getSecondary1()","true",3211468
"AWT-EventQueue-0","com.sunshine.sunsdk.swing.Theme.DarkGoldMetalTheme.getSecondary3()","false",3211485
"AWT-EventQueue-0","com.sunshine.sunsdk.swing.Theme.DarkGoldMetalTheme.getSecondary3()","true",3211489
"AWT-EventQueue-0","com.sunshine.sunsdk.swing.Theme.DarkGoldMetalTheme.getPrimary3()","false",3211858
"AWT-EventQueue-0","com.sunshine.sunsdk.swing.Theme.DarkGoldMetalTheme.getPrimary3()","true",3211860
"AWT-EventQueue-0","com.sunshine.sunsdk.swing.Theme.DarkGoldMetalTheme.getPrimary3()","false",3211861
"AWT-EventQueue-0","com.sunshine.sunsdk.swing.Theme.DarkGoldMetalTheme.getPrimary3()","true",3211861
"AWT-EventQueue-0","com.sunshine.sunsdk.swing.Theme.DarkGoldMetalTheme.getPrimary1()","false",3211863
"AWT-EventQueue-0","com.sunshine.sunsdk.swing.Theme.DarkGoldMetalTheme.getPrimary1()","true",3211863
"AWT-EventQueue-0","com.sunshine.sunsdk.swing.Theme.DarkGoldMetalTheme.getSecondary1()","false",3216517
"AWT-EventQueue-0","com.sunshine.sunsdk.swing.Theme.DarkGoldMetalTheme.getSecondary1()","true",3216523
"AWT-EventQueue-0","com.sunshine.sunsdk.swing.Theme.DarkGoldMetalTheme.getSecondary2()","false",3216527
"AWT-EventQueue-0","com.sunshine.sunsdk.swing.Theme.DarkGoldMetalTheme.getSecondary2()","true",3216528
"AWT-EventQueue-0","com.sunshine.sunsdk.swing.Theme.DarkGoldMetalTheme.getPrimary1()","false",3216817
"AWT-EventQueue-0","com.sunshine.sunsdk.swing.Theme.DarkGoldMetalTheme.getPrimary1()","true",3216820
"AWT-EventQueue-0","com.sunshine.sunsdk.swing.Theme.DarkGoldMetalTheme.getPrimary1()","false",3216872
"AWT-EventQueue-0","com.sunshine.sunsdk.swing.Theme.DarkGoldMetalTheme.getPrimary1()","true",3216874
"AWT-EventQueue-0","com.sunshine.sunsdk.swing.Theme.DarkGoldMetalTheme.getPrimary1()","false",3217453
"AWT-EventQueue-0","com.sunshine.sunsdk.swing.Theme.DarkGoldMetalTheme.getPrimary1()","true",3217464
"AWT-EventQueue-0","com.sunshine.sunsdk.swing.Theme.DarkGoldMetalTheme.getPrimary1()","false",3218294
"AWT-EventQueue-0","com.sunshine.sunsdk.swing.Theme.DarkGoldMetalTheme.getPrimary1()","true",3218299
"AWT-EventQueue-0","com.sunshine.sunsdk.swing.Theme.DarkGoldMetalTheme.getSecondary1()","false",3218596
"AWT-EventQueue-0","com.sunshine.sunsdk.swing.Theme.DarkGoldMetalTheme.getSecondary1()","true",3218599
"AWT-EventQueue-0","com.sunshine.sunsdk.swing.Theme.DarkGoldMetalTheme.getSecondary1()","false",3218643
"AWT-EventQueue-0","com.sunshine.sunsdk.swing.Theme.DarkGoldMetalTheme.getSecondary1()","true",3218645
"AWT-EventQueue-0","com.sunshine.sunsdk.swing.Theme.DarkGoldMetalTheme.getSecondary1()","false",3218679
"AWT-EventQueue-0","com.sunshine.sunsdk.swing.Theme.DarkGoldMetalTheme.getSecondary1()","true",3218681
"AWT-EventQueue-0","com.sunshine.sunsdk.swing.Theme.DarkGoldMetalTheme.getSecondary1()","false",3218756
"AWT-EventQueue-0","com.sunshine.sunsdk.swing.Theme.DarkGoldMetalTheme.getSecondary1()","true",3218757
"AWT-EventQueue-0","com.sunshine.sunsdk.swing.Theme.DarkGoldMetalTheme.getSecondary1()","false",3218948
"AWT-EventQueue-0","com.sunshine.sunsdk.swing.Theme.DarkGoldMetalTheme.getSecondary1()","true",3218950
"AWT-EventQueue-0","com.sunshine.sunsdk.swing.Theme.DarkGoldMetalTheme.getSecondary1()","false",3218989
"AWT-EventQueue-0","com.sunshine.sunsdk.swing.Theme.DarkGoldMetalTheme.getSecondary1()","true",3218990
"AWT-EventQueue-0","com.sunshine.sunsdk.swing.Theme.DarkGoldMetalTheme.getSecondary1()","false",3219026
"AWT-EventQueue-0","com.sunshine.sunsdk.swing.Theme.DarkGoldMetalTheme.getSecondary1()","true",3219028
"AWT-EventQueue-0","com.sunshine.sunsdk.swing.Theme.DarkGoldMetalTheme.getSecondary1()","false",3219178
"AWT-EventQueue-0","com.sunshine.sunsdk.swing.Theme.DarkGoldMetalTheme.getSecondary1()","true",3219180
"AWT-EventQueue-0","com.sunshine.sunsdk.swing.Theme.DarkGoldMetalTheme.getSecondary1()","false",3223560
"AWT-EventQueue-0","com.sunshine.sunsdk.swing.Theme.DarkGoldMetalTheme.getSecondary1()","true",3223578
"AWT-EventQueue-0","com.sunshine.sunsdk.swing.Theme.DarkGoldMetalTheme.getSecondary3()","false",3223589
"AWT-EventQueue-0","com.sunshine.sunsdk.swing.Theme.DarkGoldMetalTheme.getSecondary3()","true",3223590
"AWT-EventQueue-0","com.sunshine.sunsdk.swing.Theme.DarkGoldMetalTheme.getSecondary1()","false",3224213
"AWT-EventQueue-0","com.sunshine.sunsdk.swing.Theme.DarkGoldMetalTheme.getSecondary1()","true",3224216
"AWT-EventQueue-0","com.sunshine.sunsdk.swing.Theme.DarkGoldMetalTheme.getSecondary3()","false",3224222
"AWT-EventQueue-0","com.sunshine.sunsdk.swing.Theme.DarkGoldMetalTheme.getSecondary3()","true",3224223
"AWT-EventQueue-0","com.sunshine.sunsdk.swing.Theme.DarkGoldMetalTheme.getSecondary1()","false",3224281
"AWT-EventQueue-0","com.sunshine.sunsdk.swing.Theme.DarkGoldMetalTheme.getSecondary1()","true",3224283
"AWT-EventQueue-0","com.sunshine.sunsdk.swing.Theme.DarkGoldMetalTheme.getSecondary3()","false",3224287
"AWT-EventQueue-0","com.sunshine.sunsdk.swing.Theme.DarkGoldMetalTheme.getSecondary3()","true",3224288
"AWT-EventQueue-0","com.sunshine.sunsdk.swing.Theme.DarkGoldMetalTheme.getSecondary1()","false",3224321
"AWT-EventQueue-0","com.sunshine.sunsdk.swing.Theme.DarkGoldMetalTheme.getSecondary1()","true",3224322
"AWT-EventQueue-0","com.sunshine.sunsdk.swing.Theme.DarkGoldMetalTheme.getSecondary3()","false",3224325
"AWT-EventQueue-0","com.sunshine.sunsdk.swing.Theme.DarkGoldMetalTheme.getSecondary3()","true",3224326
"AWT-EventQueue-0","com.sunshine.sunsdk.swing.Theme.DarkGoldMetalTheme.getSecondary2()","false",3237628
"AWT-EventQueue-0","com.sunshine.sunsdk.swing.Theme.DarkGoldMetalTheme.getSecondary2()","true",3237633
"AWT-EventQueue-0","com.sunshine.sunsdk.swing.Theme.DarkGoldMetalTheme.getSecondary1()","false",3237807
"AWT-EventQueue-0","com.sunshine.sunsdk.swing.Theme.DarkGoldMetalTheme.getSecondary1()","true",3237808
"AWT-EventQueue-0","com.sunshine.sunsdk.swing.Theme.DarkGoldMetalTheme.getSecondary3()","false",3237812
"AWT-EventQueue-0","com.sunshine.sunsdk.swing.Theme.DarkGoldMetalTheme.getSecondary3()","true",3237812
"AWT-EventQueue-0","com.sunshine.sunsdk.swing.Theme.DarkGoldMetalTheme.getSecondary1()","false",3237842
"AWT-EventQueue-0","com.sunshine.sunsdk.swing.Theme.DarkGoldMetalTheme.getSecondary1()","true",3237843
"AWT-EventQueue-0","com.sunshine.sunsdk.swing.Theme.DarkGoldMetalTheme.getSecondary3()","false",3237845
"AWT-EventQueue-0","com.sunshine.sunsdk.swing.Theme.DarkGoldMetalTheme.getSecondary3()","true",3237845
"AWT-EventQueue-0","com.sunshine.sunsdk.swing.Theme.DarkGoldMetalTheme.getSecondary1()","false",3237869
"AWT-EventQueue-0","com.sunshine.sunsdk.swing.Theme.DarkGoldMetalTheme.getSecondary1()","true",3237870
"AWT-EventQueue-0","com.sunshine.sunsdk.swing.Theme.DarkGoldMetalTheme.getSecondary3()","false",3237871
"AWT-EventQueue-0","com.sunshine.sunsdk.swing.Theme.DarkGoldMetalTheme.getSecondary3()","true",3237872
"AWT-EventQueue-0","com.sunshine.sunsdk.swing.Theme.DarkGoldMetalTheme.getSecondary1()","false",3237887
"AWT-EventQueue-0","com.sunshine.sunsdk.swing.Theme.DarkGoldMetalTheme.getSecondary1()","true",3237888
"AWT-EventQueue-0","com.sunshine.sunsdk.swing.Theme.DarkGoldMetalTheme.getSecondary3()","false",3237889
"AWT-EventQueue-0","com.sunshine.sunsdk.swing.Theme.DarkGoldMetalTheme.getSecondary3()","true",3237889
"AWT-EventQueue-0","com.sunshine.sunsdk.swing.Theme.DarkGoldMetalTheme.getSecondary1()","false",3237909
"AWT-EventQueue-0","com.sunshine.sunsdk.swing.Theme.DarkGoldMetalTheme.getSecondary1()","true",3237909
"AWT-EventQueue-0","com.sunshine.sunsdk.swing.Theme.DarkGoldMetalTheme.getSecondary3()","false",3237911
"AWT-EventQueue-0","com.sunshine.sunsdk.swing.Theme.DarkGoldMetalTheme.getSecondary3()","true",3237911
"AWT-EventQueue-0","com.sunshine.sunsdk.swing.Theme.DarkGoldMetalTheme.getSecondary1()","false",3237933
"AWT-EventQueue-0","com.sunshine.sunsdk.swing.Theme.DarkGoldMetalTheme.getSecondary1()","true",3237934
"AWT-EventQueue-0","com.sunshine.sunsdk.swing.Theme.DarkGoldMetalTheme.getSecondary3()","false",3237936
"AWT-EventQueue-0","com.sunshine.sunsdk.swing.Theme.DarkGoldMetalTheme.getSecondary3()","true",3237936
"AWT-EventQueue-0","com.sunshine.sunsdk.swing.Theme.DarkGoldMetalTheme.getSecondary1()","false",3237955
"AWT-EventQueue-0","com.sunshine.sunsdk.swing.Theme.DarkGoldMetalTheme.getSecondary1()","true",3237956
"AWT-EventQueue-0","com.sunshine.sunsdk.swing.Theme.DarkGoldMetalTheme.getSecondary3()","false",3237957
"AWT-EventQueue-0","com.sunshine.sunsdk.swing.Theme.DarkGoldMetalTheme.getSecondary3()","true",3237958
"AWT-EventQueue-0","com.sunshine.sunsdk.swing.Theme.DarkGoldMetalTheme.getSecondary1()","false",3237972
"AWT-EventQueue-0","com.sunshine.sunsdk.swing.Theme.DarkGoldMetalTheme.getSecondary1()","true",3237973
"AWT-EventQueue-0","com.sunshine.sunsdk.swing.Theme.DarkGoldMetalTheme.getSecondary3()","false",3237974
"AWT-EventQueue-0","com.sunshine.sunsdk.swing.Theme.DarkGoldMetalTheme.getSecondary3()","true",3237975
"AWT-EventQueue-0","com.sunshine.sunsdk.swing.Theme.DarkGoldMetalTheme.getSecondary1()","false",3237996
"AWT-EventQueue-0","com.sunshine.sunsdk.swing.Theme.DarkGoldMetalTheme.getSecondary1()","true",3237996
"AWT-EventQueue-0","com.sunshine.sunsdk.swing.Theme.DarkGoldMetalTheme.getSecondary3()","false",3237998
"AWT-EventQueue-0","com.sunshine.sunsdk.swing.Theme.DarkGoldMetalTheme.getSecondary3()","true",3237998
"AWT-EventQueue-0","com.sunshine.sunsdk.swing.Theme.DarkGoldMetalTheme.getSecondary1()","false",3238017
"AWT-EventQueue-0","com.sunshine.sunsdk.swing.Theme.DarkGoldMetalTheme.getSecondary1()","true",3238018
"AWT-EventQueue-0","com.sunshine.sunsdk.swing.Theme.DarkGoldMetalTheme.getSecondary3()","false",3238020
"AWT-EventQueue-0","com.sunshine.sunsdk.swing.Theme.DarkGoldMetalTheme.getSecondary3()","true",3238020
"AWT-EventQueue-0","com.sunshine.sunsdk.swing.Theme.DarkGoldMetalTheme.getSecondary2()","false",3238034
"AWT-EventQueue-0","com.sunshine.sunsdk.swing.Theme.DarkGoldMetalTheme.getSecondary2()","true",3238034
"AWT-EventQueue-0","com.sunshine.sunsdk.swing.Theme.DarkGoldMetalTheme.getPrimary3()","false",3238304
"AWT-EventQueue-0","com.sunshine.sunsdk.swing.Theme.DarkGoldMetalTheme.getPrimary3()","true",3238305
"AWT-EventQueue-0","com.sunshine.sunsdk.swing.Theme.DarkGoldMetalTheme.getPrimary3()","false",3238306
"AWT-EventQueue-0","com.sunshine.sunsdk.swing.Theme.DarkGoldMetalTheme.getPrimary3()","true",3238307
"AWT-EventQueue-0","com.sunshine.sunsdk.swing.Theme.DarkGoldMetalTheme.getPrimary1()","false",3238311
"AWT-EventQueue-0","com.sunshine.sunsdk.swing.Theme.DarkGoldMetalTheme.getPrimary1()","true",3238312
"AWT-EventQueue-0","com.sunshine.sunsdk.swing.Theme.DarkGoldMetalTheme.getSecondary3()","false",3238314
"AWT-EventQueue-0","com.sunshine.sunsdk.swing.Theme.DarkGoldMetalTheme.getSecondary3()","true",3238315
"AWT-EventQueue-0","com.sunshine.sunsdk.swing.Theme.DarkGoldMetalTheme.getSecondary1()","false",3238315
"AWT-EventQueue-0","com.sunshine.sunsdk.swing.Theme.DarkGoldMetalTheme.getSecondary1()","true",3238316
"AWT-EventQueue-0","com.sunshine.sunsdk.swing.Theme.DarkGoldMetalTheme.getPrimary3()","false",3238346
"AWT-EventQueue-0","com.sunshine.sunsdk.swing.Theme.DarkGoldMetalTheme.getPrimary3()","true",3238347
"AWT-EventQueue-0","com.sunshine.sunsdk.swing.Theme.DarkGoldMetalTheme.getPrimary3()","false",3238348
"AWT-EventQueue-0","com.sunshine.sunsdk.swing.Theme.DarkGoldMetalTheme.getPrimary3()","true",3238348
"AWT-EventQueue-0","com.sunshine.sunsdk.swing.Theme.DarkGoldMetalTheme.getPrimary1()","false",3238349
"AWT-EventQueue-0","com.sunshine.sunsdk.swing.Theme.DarkGoldMetalTheme.getPrimary1()","true",3238349
"AWT-EventQueue-0","com.sunshine.sunsdk.swing.Theme.DarkGoldMetalTheme.getSecondary3()","false",3238352
"AWT-EventQueue-0","com.sunshine.sunsdk.swing.Theme.DarkGoldMetalTheme.getSecondary3()","true",3238352
"AWT-EventQueue-0","com.sunshine.sunsdk.swing.Theme.DarkGoldMetalTheme.getSecondary1()","false",3238353
"AWT-EventQueue-0","com.sunshine.sunsdk.swing.Theme.DarkGoldMetalTheme.getSecondary1()","true",3238353
"AWT-EventQueue-0","com.sunshine.sunsdk.swing.Theme.DarkGoldMetalTheme.getPrimary3()","false",3238378
"AWT-EventQueue-0","com.sunshine.sunsdk.swing.Theme.DarkGoldMetalTheme.getPrimary3()","true",3238379
"AWT-EventQueue-0","com.sunshine.sunsdk.swing.Theme.DarkGoldMetalTheme.getPrimary3()","false",3238380
"AWT-EventQueue-0","com.sunshine.sunsdk.swing.Theme.DarkGoldMetalTheme.getPrimary3()","true",3238380
"AWT-EventQueue-0","com.sunshine.sunsdk.swing.Theme.DarkGoldMetalTheme.getPrimary1()","false",3238381
"AWT-EventQueue-0","com.sunshine.sunsdk.swing.Theme.DarkGoldMetalTheme.getPrimary1()","true",3238381
"AWT-EventQueue-0","com.sunshine.sunsdk.swing.Theme.DarkGoldMetalTheme.getSecondary3()","false",3238382
"AWT-EventQueue-0","com.sunshine.sunsdk.swing.Theme.DarkGoldMetalTheme.getSecondary3()","true",3238383
"AWT-EventQueue-0","com.sunshine.sunsdk.swing.Theme.DarkGoldMetalTheme.getSecondary1()","false",3238384
"AWT-EventQueue-0","com.sunshine.sunsdk.swing.Theme.DarkGoldMetalTheme.getSecondary1()","true",3238384
"AWT-EventQueue-0","com.sunshine.sunsdk.swing.Theme.DarkGoldMetalTheme.getPrimary3()","false",3238413
"AWT-EventQueue-0","com.sunshine.sunsdk.swing.Theme.DarkGoldMetalTheme.getPrimary3()","true",3238414
"AWT-EventQueue-0","com.sunshine.sunsdk.swing.Theme.DarkGoldMetalTheme.getPrimary1()","false",3238415
"AWT-EventQueue-0","com.sunshine.sunsdk.swing.Theme.DarkGoldMetalTheme.getPrimary1()","true",3238415
"AWT-EventQueue-0","com.sunshine.sunsdk.swing.Theme.DarkGoldMetalTheme.getSecondary2()","false",3521861
"AWT-EventQueue-0","com.sunshine.sunsdk.swing.Theme.DarkGoldMetalTheme.getSecondary2()","true",3521867
"AWT-EventQueue-0","com.sunshine.sunsdk.swing.Theme.DarkGoldMetalTheme.getSecondary2()","false",3523064
"AWT-EventQueue-0","com.sunshine.sunsdk.swing.Theme.DarkGoldMetalTheme.getSecondary2()","true",3523072
"AWT-EventQueue-0","com.sunshine.sunsdk.swing.TJButton.mouseEntered(java.awt.event.MouseEvent)","false",3801101
"AWT-EventQueue-0","com.sunshine.sunsdk.swing.TJButton.mouseEntered(java.awt.event.MouseEvent)","true",3801197
"AWT-EventQueue-0","com.sunshine.customer.Customer.mouseEntered(java.awt.event.MouseEvent)","false",3801200
"AWT-EventQueue-0","com.sunshine.customer.Customer.mouseEntered(java.awt.event.MouseEvent)","true",3801242
"AWT-EventQueue-0","com.sunshine.sunsdk.swing.Theme.DarkGoldMetalTheme.getSecondary1()","false",3802225
"AWT-EventQueue-0","com.sunshine.sunsdk.swing.Theme.DarkGoldMetalTheme.getSecondary1()","true",3802229
"AWT-EventQueue-0","com.sunshine.sunsdk.swing.Theme.DarkGoldMetalTheme.getSecondary3()","false",3802236
"AWT-EventQueue-0","com.sunshine.sunsdk.swing.Theme.DarkGoldMetalTheme.getSecondary3()","true",3802236
"AWT-EventQueue-0","com.sunshine.sunsdk.swing.TJButton.mouseExited(java.awt.event.MouseEvent)","false",3996641
"AWT-EventQueue-0","com.sunshine.sunsdk.swing.TJButton.mouseExited(java.awt.event.MouseEvent)","true",3996733
"AWT-EventQueue-0","com.sunshine.customer.Customer.mouseExited(java.awt.event.MouseEvent)","false",3996735
"AWT-EventQueue-0","com.sunshine.customer.Customer.mouseExited(java.awt.event.MouseEvent)","true",3996755
"AWT-EventQueue-0","com.sunshine.sunsdk.swing.Theme.DarkGoldMetalTheme.getSecondary1()","false",3997071
"AWT-EventQueue-0","com.sunshine.sunsdk.swing.Theme.DarkGoldMetalTheme.getSecondary1()","true",3997073
"AWT-EventQueue-0","com.sunshine.sunsdk.swing.Theme.DarkGoldMetalTheme.getSecondary3()","false",3997081
"AWT-EventQueue-0","com.sunshine.sunsdk.swing.Theme.DarkGoldMetalTheme.getSecondary3()","true",3997082
"AWT-EventQueue-0","com.sunshine.sunsdk.swing.Theme.DarkGoldMetalTheme.getSecondary2()","false",4025073
"AWT-EventQueue-0","com.sunshine.sunsdk.swing.Theme.DarkGoldMetalTheme.getSecondary2()","true",4025077
"AWT-EventQueue-0","com.sunshine.sunsdk.swing.Theme.DarkGoldMetalTheme.getSecondary2()","false",4025523
"AWT-EventQueue-0","com.sunshine.sunsdk.swing.Theme.DarkGoldMetalTheme.getSecondary2()","true",4025526
"AWT-EventQueue-0","com.sunshine.sunsdk.swing.Theme.DarkGoldMetalTheme.getSecondary2()","false",4528128
"AWT-EventQueue-0","com.sunshine.sunsdk.swing.Theme.DarkGoldMetalTheme.getSecondary2()","true",4528136
"AWT-EventQueue-0","com.sunshine.sunsdk.swing.Theme.DarkGoldMetalTheme.getSecondary2()","false",4529447
"AWT-EventQueue-0","com.sunshine.sunsdk.swing.Theme.DarkGoldMetalTheme.getSecondary2()","true",4529461
"AWT-EventQueue-0","com.sunshine.sunsdk.swing.Theme.DarkGoldMetalTheme.getSecondary1()","false",4798140
"AWT-EventQueue-0","com.sunshine.sunsdk.swing.Theme.DarkGoldMetalTheme.getSecondary1()","true",4798148
"AWT-EventQueue-0","com.sunshine.sunsdk.swing.Theme.DarkGoldMetalTheme.getSecondary3()","false",4798167
"AWT-EventQueue-0","com.sunshine.sunsdk.swing.Theme.DarkGoldMetalTheme.getSecondary3()","true",4798170
"AWT-EventQueue-0","com.sunshine.sunsdk.swing.Theme.DarkGoldMetalTheme.getSecondary1()","false",4798539
"AWT-EventQueue-0","com.sunshine.sunsdk.swing.Theme.DarkGoldMetalTheme.getSecondary1()","true",4798544
"AWT-EventQueue-0","com.sunshine.sunsdk.swing.Theme.DarkGoldMetalTheme.getSecondary1()","false",4798636
"AWT-EventQueue-0","com.sunshine.sunsdk.swing.Theme.DarkGoldMetalTheme.getSecondary1()","true",4798638
"AWT-EventQueue-0","com.sunshine.sunsdk.swing.Theme.DarkGoldMetalTheme.getSecondary1()","false",4798700
"AWT-EventQueue-0","com.sunshine.sunsdk.swing.Theme.DarkGoldMetalTheme.getSecondary1()","true",4798703
"AWT-EventQueue-0","com.sunshine.sunsdk.swing.Theme.DarkGoldMetalTheme.getSecondary1()","false",4798766
"AWT-EventQueue-0","com.sunshine.sunsdk.swing.Theme.DarkGoldMetalTheme.getSecondary1()","true",4798769
"AWT-EventQueue-0","com.sunshine.sunsdk.swing.Theme.DarkGoldMetalTheme.getSecondary1()","false",4798875
"AWT-EventQueue-0","com.sunshine.sunsdk.swing.Theme.DarkGoldMetalTheme.getSecondary1()","true",4798879
"AWT-EventQueue-0","com.sunshine.sunsdk.swing.Theme.DarkGoldMetalTheme.getSecondary1()","false",4809062
"AWT-EventQueue-0","com.sunshine.sunsdk.swing.Theme.DarkGoldMetalTheme.getSecondary1()","true",4809066
"AWT-EventQueue-0","com.sunshine.sunsdk.swing.Theme.DarkGoldMetalTheme.getSecondary3()","false",4809078
"AWT-EventQueue-0","com.sunshine.sunsdk.swing.Theme.DarkGoldMetalTheme.getSecondary3()","true",4809079
"AWT-EventQueue-0","com.sunshine.sunsdk.swing.Theme.DarkGoldMetalTheme.getSecondary1()","false",4809137
"AWT-EventQueue-0","com.sunshine.sunsdk.swing.Theme.DarkGoldMetalTheme.getSecondary1()","true",4809139
"AWT-EventQueue-0","com.sunshine.sunsdk.swing.Theme.DarkGoldMetalTheme.getSecondary3()","false",4809144
"AWT-EventQueue-0","com.sunshine.sunsdk.swing.Theme.DarkGoldMetalTheme.getSecondary3()","true",4809145
"AWT-EventQueue-0","com.sunshine.sunsdk.swing.Theme.DarkGoldMetalTheme.getSecondary2()","false",5031807
"AWT-EventQueue-0","com.sunshine.sunsdk.swing.Theme.DarkGoldMetalTheme.getSecondary2()","true",5031811
"AWT-EventQueue-0","com.sunshine.sunsdk.swing.Theme.DarkGoldMetalTheme.getSecondary2()","false",5032447
"AWT-EventQueue-0","com.sunshine.sunsdk.swing.Theme.DarkGoldMetalTheme.getSecondary2()","true",5032451
"AWT-EventQueue-0","com.sunshine.sunsdk.swing.Theme.DarkGoldMetalTheme.getSecondary2()","false",5536048
"AWT-EventQueue-0","com.sunshine.sunsdk.swing.Theme.DarkGoldMetalTheme.getSecondary2()","true",5536051
"AWT-EventQueue-0","com.sunshine.sunsdk.swing.Theme.DarkGoldMetalTheme.getSecondary2()","false",5536776
"AWT-EventQueue-0","com.sunshine.sunsdk.swing.Theme.DarkGoldMetalTheme.getSecondary2()","true",5536780
"AWT-EventQueue-0","com.sunshine.sunsdk.swing.Theme.DarkGoldMetalTheme.getSecondary2()","false",6037066
"AWT-EventQueue-0","com.sunshine.sunsdk.swing.Theme.DarkGoldMetalTheme.getSecondary2()","true",6037071
"AWT-EventQueue-0","com.sunshine.sunsdk.swing.Theme.DarkGoldMetalTheme.getSecondary2()","false",6037883
"AWT-EventQueue-0","com.sunshine.sunsdk.swing.Theme.DarkGoldMetalTheme.getSecondary2()","true",6037888
"AWT-EventQueue-0","com.sunshine.sunsdk.swing.Theme.DarkGoldMetalTheme.getSecondary2()","false",6539010
"AWT-EventQueue-0","com.sunshine.sunsdk.swing.Theme.DarkGoldMetalTheme.getSecondary2()","true",6539013
"AWT-EventQueue-0","com.sunshine.sunsdk.swing.Theme.DarkGoldMetalTheme.getSecondary2()","false",6539790
"AWT-EventQueue-0","com.sunshine.sunsdk.swing.Theme.DarkGoldMetalTheme.getSecondary2()","true",6539794
"AWT-EventQueue-0","com.sunshine.sunsdk.swing.Theme.DarkGoldMetalTheme.getPrimary3()","false",6664071
"AWT-EventQueue-0","com.sunshine.sunsdk.swing.Theme.DarkGoldMetalTheme.getPrimary3()","true",6664084
"AWT-EventQueue-0","com.sunshine.sunsdk.swing.Theme.DarkGoldMetalTheme.getPrimary3()","false",6664095
"AWT-EventQueue-0","com.sunshine.sunsdk.swing.Theme.DarkGoldMetalTheme.getPrimary3()","true",6664096
"AWT-EventQueue-0","com.sunshine.sunsdk.swing.Theme.DarkGoldMetalTheme.getPrimary1()","false",6664098
"AWT-EventQueue-0","com.sunshine.sunsdk.swing.Theme.DarkGoldMetalTheme.getPrimary1()","true",6664098
"AWT-EventQueue-0","com.sunshine.sunsdk.swing.Theme.DarkGoldMetalTheme.getPrimary2()","false",6664102
"AWT-EventQueue-0","com.sunshine.sunsdk.swing.Theme.DarkGoldMetalTheme.getPrimary2()","true",6664102
"AWT-EventQueue-0","com.sunshine.mainframe.HotelFrame.actionPerformed(java.awt.event.ActionEvent)","true",7003679
"AWT-EventQueue-0","com.sunshine.sunsdk.swing.TJButton.mouseReleased(java.awt.event.MouseEvent)","false",7003690
"AWT-EventQueue-0","com.sunshine.sunsdk.swing.TJButton.mouseReleased(java.awt.event.MouseEvent)","true",7003694
"AWT-EventQueue-0","com.sunshine.mainframe.HotelFrame.mouseReleased(java.awt.event.MouseEvent)","false",7003695
"AWT-EventQueue-0","com.sunshine.mainframe.HotelFrame.mouseReleased(java.awt.event.MouseEvent)","true",7003696
"AWT-EventQueue-0","com.sunshine.sunsdk.swing.Theme.DarkGoldMetalTheme.getSecondary1()","false",7006140
"AWT-EventQueue-0","com.sunshine.sunsdk.swing.Theme.DarkGoldMetalTheme.getSecondary1()","true",7007006
"AWT-EventQueue-0","com.sunshine.sunsdk.swing.Theme.DarkGoldMetalTheme.getSecondary3()","false",7007026
"AWT-EventQueue-0","com.sunshine.sunsdk.swing.Theme.DarkGoldMetalTheme.getSecondary3()","true",7007032
"AWT-EventQueue-0","com.sunshine.sunsdk.swing.Theme.DarkGoldMetalTheme.getPrimary1()","false",7062463
"AWT-EventQueue-0","com.sunshine.sunsdk.swing.Theme.DarkGoldMetalTheme.getPrimary1()","true",7062470
"AWT-EventQueue-0","com.sunshine.sunsdk.swing.Theme.DarkGoldMetalTheme.getPrimary2()","false",7062472
"AWT-EventQueue-0","com.sunshine.sunsdk.swing.Theme.DarkGoldMetalTheme.getPrimary2()","true",7062473
"AWT-EventQueue-0","com.sunshine.sunsdk.swing.Theme.DarkGoldMetalTheme.getPrimary1()","false",7062808
"AWT-EventQueue-0","com.sunshine.sunsdk.swing.Theme.DarkGoldMetalTheme.getPrimary1()","true",7062812
"AWT-EventQueue-0","com.sunshine.sunsdk.swing.Theme.DarkGoldMetalTheme.getPrimary1()","false",7062829
"AWT-EventQueue-0","com.sunshine.sunsdk.swing.Theme.DarkGoldMetalTheme.getPrimary1()","true",7062830
"AWT-EventQueue-0","com.sunshine.sunsdk.swing.Theme.DarkGoldMetalTheme.getPrimary1()","false",7062905
"AWT-EventQueue-0","com.sunshine.sunsdk.swing.Theme.DarkGoldMetalTheme.getPrimary1()","true",7062906
"AWT-EventQueue-0","com.sunshine.sunsdk.swing.Theme.DarkGoldMetalTheme.getPrimary1()","false",7062919
"AWT-EventQueue-0","com.sunshine.sunsdk.swing.Theme.DarkGoldMetalTheme.getPrimary1()","true",7062919
"AWT-EventQueue-0","com.sunshine.sunsdk.swing.Theme.DarkGoldMetalTheme.getSecondary1()","false",7063245
"AWT-EventQueue-0","com.sunshine.sunsdk.swing.Theme.DarkGoldMetalTheme.getSecondary1()","true",7063258
"AWT-EventQueue-0","com.sunshine.sunsdk.swing.Theme.DarkGoldMetalTheme.getSecondary1()","false",7063464
"AWT-EventQueue-0","com.sunshine.sunsdk.swing.Theme.DarkGoldMetalTheme.getSecondary1()","true",7063471
"AWT-EventQueue-0","com.sunshine.sunsdk.swing.Theme.DarkGoldMetalTheme.getSecondary1()","false",7063569
"AWT-EventQueue-0","com.sunshine.sunsdk.swing.Theme.DarkGoldMetalTheme.getSecondary1()","true",7063573
"AWT-EventQueue-0","com.sunshine.sunsdk.swing.Theme.DarkGoldMetalTheme.getSecondary1()","false",7063623
"AWT-EventQueue-0","com.sunshine.sunsdk.swing.Theme.DarkGoldMetalTheme.getSecondary1()","true",7063624
"AWT-EventQueue-0","com.sunshine.sunsdk.swing.Theme.DarkGoldMetalTheme.getSecondary1()","false",7063648
"AWT-EventQueue-0","com.sunshine.sunsdk.swing.Theme.DarkGoldMetalTheme.getSecondary1()","true",7063649
"AWT-EventQueue-0","com.sunshine.sunsdk.swing.Theme.DarkGoldMetalTheme.getSecondary1()","false",7063664
"AWT-EventQueue-0","com.sunshine.sunsdk.swing.Theme.DarkGoldMetalTheme.getSecondary1()","true",7063665
"AWT-EventQueue-0","com.sunshine.sunsdk.swing.Theme.DarkGoldMetalTheme.getSecondary1()","false",7063679
"AWT-EventQueue-0","com.sunshine.sunsdk.swing.Theme.DarkGoldMetalTheme.getSecondary1()","true",7063680
"AWT-EventQueue-0","com.sunshine.sunsdk.swing.Theme.DarkGoldMetalTheme.getSecondary1()","false",7063732
"AWT-EventQueue-0","com.sunshine.sunsdk.swing.Theme.DarkGoldMetalTheme.getSecondary1()","true",7063733
"AWT-EventQueue-0","com.sunshine.sunsdk.swing.Theme.DarkGoldMetalTheme.getSecondary1()","false",7065490
"AWT-EventQueue-0","com.sunshine.sunsdk.swing.Theme.DarkGoldMetalTheme.getSecondary1()","true",7065494
"AWT-EventQueue-0","com.sunshine.sunsdk.swing.Theme.DarkGoldMetalTheme.getSecondary3()","false",7065501
"AWT-EventQueue-0","com.sunshine.sunsdk.swing.Theme.DarkGoldMetalTheme.getSecondary3()","true",7065502
"AWT-EventQueue-0","com.sunshine.sunsdk.swing.Theme.DarkGoldMetalTheme.getSecondary1()","false",7065820
"AWT-EventQueue-0","com.sunshine.sunsdk.swing.Theme.DarkGoldMetalTheme.getSecondary1()","true",7065822
"AWT-EventQueue-0","com.sunshine.sunsdk.swing.Theme.DarkGoldMetalTheme.getSecondary3()","false",7065825
"AWT-EventQueue-0","com.sunshine.sunsdk.swing.Theme.DarkGoldMetalTheme.getSecondary3()","true",7065826
"AWT-EventQueue-0","com.sunshine.sunsdk.swing.Theme.DarkGoldMetalTheme.getSecondary1()","false",7065843
"AWT-EventQueue-0","com.sunshine.sunsdk.swing.Theme.DarkGoldMetalTheme.getSecondary1()","true",7065844
"AWT-EventQueue-0","com.sunshine.sunsdk.swing.Theme.DarkGoldMetalTheme.getSecondary3()","false",7065846
"AWT-EventQueue-0","com.sunshine.sunsdk.swing.Theme.DarkGoldMetalTheme.getSecondary3()","true",7065846
"AWT-EventQueue-0","com.sunshine.sunsdk.swing.Theme.DarkGoldMetalTheme.getSecondary1()","false",7065864
"AWT-EventQueue-0","com.sunshine.sunsdk.swing.Theme.DarkGoldMetalTheme.getSecondary1()","true",7065864
"AWT-EventQueue-0","com.sunshine.sunsdk.swing.Theme.DarkGoldMetalTheme.getSecondary3()","false",7065866
"AWT-EventQueue-0","com.sunshine.sunsdk.swing.Theme.DarkGoldMetalTheme.getSecondary3()","true",7065866
"AWT-EventQueue-0","com.sunshine.sunsdk.swing.Theme.DarkGoldMetalTheme.getSecondary2()","false",7073910
"AWT-EventQueue-0","com.sunshine.sunsdk.swing.Theme.DarkGoldMetalTheme.getSecondary2()","true",7073916
"AWT-EventQueue-0","com.sunshine.sunsdk.swing.Theme.DarkGoldMetalTheme.getSecondary1()","false",7074245
"AWT-EventQueue-0","com.sunshine.sunsdk.swing.Theme.DarkGoldMetalTheme.getSecondary1()","true",7074248
"AWT-EventQueue-0","com.sunshine.sunsdk.swing.Theme.DarkGoldMetalTheme.getSecondary3()","false",7074254
"AWT-EventQueue-0","com.sunshine.sunsdk.swing.Theme.DarkGoldMetalTheme.getSecondary3()","true",7074255
"AWT-EventQueue-0","com.sunshine.sunsdk.swing.Theme.DarkGoldMetalTheme.getSecondary1()","false",7074827
"AWT-EventQueue-0","com.sunshine.sunsdk.swing.Theme.DarkGoldMetalTheme.getSecondary1()","true",7074835
"AWT-EventQueue-0","com.sunshine.sunsdk.swing.Theme.DarkGoldMetalTheme.getSecondary3()","false",7074854
"AWT-EventQueue-0","com.sunshine.sunsdk.swing.Theme.DarkGoldMetalTheme.getSecondary3()","true",7074856
"AWT-EventQueue-0","com.sunshine.sunsdk.swing.Theme.DarkGoldMetalTheme.getSecondary1()","false",7075035
"AWT-EventQueue-0","com.sunshine.sunsdk.swing.Theme.DarkGoldMetalTheme.getSecondary1()","true",7075039
"AWT-EventQueue-0","com.sunshine.sunsdk.swing.Theme.DarkGoldMetalTheme.getSecondary3()","false",7075050
"AWT-EventQueue-0","com.sunshine.sunsdk.swing.Theme.DarkGoldMetalTheme.getSecondary3()","true",7075052
"AWT-EventQueue-0","com.sunshine.sunsdk.swing.Theme.DarkGoldMetalTheme.getSecondary1()","false",7075162
"AWT-EventQueue-0","com.sunshine.sunsdk.swing.Theme.DarkGoldMetalTheme.getSecondary1()","true",7075166
"AWT-EventQueue-0","com.sunshine.sunsdk.swing.Theme.DarkGoldMetalTheme.getSecondary3()","false",7075177
"AWT-EventQueue-0","com.sunshine.sunsdk.swing.Theme.DarkGoldMetalTheme.getSecondary3()","true",7075178
"AWT-EventQueue-0","com.sunshine.sunsdk.swing.Theme.DarkGoldMetalTheme.getSecondary1()","false",7075286
"AWT-EventQueue-0","com.sunshine.sunsdk.swing.Theme.DarkGoldMetalTheme.getSecondary1()","true",7075290
"AWT-EventQueue-0","com.sunshine.sunsdk.swing.Theme.DarkGoldMetalTheme.getSecondary3()","false",7075300
"AWT-EventQueue-0","com.sunshine.sunsdk.swing.Theme.DarkGoldMetalTheme.getSecondary3()","true",7075301
"AWT-EventQueue-0","com.sunshine.sunsdk.swing.Theme.DarkGoldMetalTheme.getSecondary1()","false",7075496
"AWT-EventQueue-0","com.sunshine.sunsdk.swing.Theme.DarkGoldMetalTheme.getSecondary1()","true",7075500
"AWT-EventQueue-0","com.sunshine.sunsdk.swing.Theme.DarkGoldMetalTheme.getSecondary3()","false",7075509
"AWT-EventQueue-0","com.sunshine.sunsdk.swing.Theme.DarkGoldMetalTheme.getSecondary3()","true",7075511
"AWT-EventQueue-0","com.sunshine.sunsdk.swing.Theme.DarkGoldMetalTheme.getSecondary1()","false",7075648
"AWT-EventQueue-0","com.sunshine.sunsdk.swing.Theme.DarkGoldMetalTheme.getSecondary1()","true",7075652
"AWT-EventQueue-0","com.sunshine.sunsdk.swing.Theme.DarkGoldMetalTheme.getSecondary3()","false",7075664
"AWT-EventQueue-0","com.sunshine.sunsdk.swing.Theme.DarkGoldMetalTheme.getSecondary3()","true",7075666
"AWT-EventQueue-0","com.sunshine.sunsdk.swing.Theme.DarkGoldMetalTheme.getSecondary1()","false",7076096
"AWT-EventQueue-0","com.sunshine.sunsdk.swing.Theme.DarkGoldMetalTheme.getSecondary1()","true",7076105
"AWT-EventQueue-0","com.sunshine.sunsdk.swing.Theme.DarkGoldMetalTheme.getSecondary3()","false",7076126
"AWT-EventQueue-0","com.sunshine.sunsdk.swing.Theme.DarkGoldMetalTheme.getSecondary3()","true",7076129
"AWT-EventQueue-0","com.sunshine.sunsdk.swing.Theme.DarkGoldMetalTheme.getSecondary1()","false",7076236
"AWT-EventQueue-0","com.sunshine.sunsdk.swing.Theme.DarkGoldMetalTheme.getSecondary1()","true",7076237
"AWT-EventQueue-0","com.sunshine.sunsdk.swing.Theme.DarkGoldMetalTheme.getSecondary3()","false",7076244
"AWT-EventQueue-0","com.sunshine.sunsdk.swing.Theme.DarkGoldMetalTheme.getSecondary3()","true",7076246
"AWT-EventQueue-0","com.sunshine.sunsdk.swing.Theme.DarkGoldMetalTheme.getSecondary1()","false",7076342
"AWT-EventQueue-0","com.sunshine.sunsdk.swing.Theme.DarkGoldMetalTheme.getSecondary1()","true",7076343
"AWT-EventQueue-0","com.sunshine.sunsdk.swing.Theme.DarkGoldMetalTheme.getSecondary3()","false",7076347
"AWT-EventQueue-0","com.sunshine.sunsdk.swing.Theme.DarkGoldMetalTheme.getSecondary3()","true",7076348
"AWT-EventQueue-0","com.sunshine.sunsdk.swing.Theme.DarkGoldMetalTheme.getSecondary2()","false",7076371
"AWT-EventQueue-0","com.sunshine.sunsdk.swing.Theme.DarkGoldMetalTheme.getSecondary2()","true",7076372
"AWT-EventQueue-0","com.sunshine.sunsdk.swing.Theme.DarkGoldMetalTheme.getPrimary3()","false",7076670
"AWT-EventQueue-0","com.sunshine.sunsdk.swing.Theme.DarkGoldMetalTheme.getPrimary3()","true",7076672
"AWT-EventQueue-0","com.sunshine.sunsdk.swing.Theme.DarkGoldMetalTheme.getPrimary3()","false",7076673
"AWT-EventQueue-0","com.sunshine.sunsdk.swing.Theme.DarkGoldMetalTheme.getPrimary3()","true",7076673
"AWT-EventQueue-0","com.sunshine.sunsdk.swing.Theme.DarkGoldMetalTheme.getPrimary1()","false",7076674
"AWT-EventQueue-0","com.sunshine.sunsdk.swing.Theme.DarkGoldMetalTheme.getPrimary1()","true",7076675
"AWT-EventQueue-0","com.sunshine.sunsdk.swing.Theme.DarkGoldMetalTheme.getPrimary3()","false",7076694
"AWT-EventQueue-0","com.sunshine.sunsdk.swing.Theme.DarkGoldMetalTheme.getPrimary3()","true",7076694
"AWT-EventQueue-0","com.sunshine.sunsdk.swing.Theme.DarkGoldMetalTheme.getPrimary3()","false",7076695
"AWT-EventQueue-0","com.sunshine.sunsdk.swing.Theme.DarkGoldMetalTheme.getPrimary3()","true",7076695
"AWT-EventQueue-0","com.sunshine.sunsdk.swing.Theme.DarkGoldMetalTheme.getPrimary1()","false",7076696
"AWT-EventQueue-0","com.sunshine.sunsdk.swing.Theme.DarkGoldMetalTheme.getPrimary1()","true",7076696
"AWT-EventQueue-0","com.sunshine.sunsdk.swing.Theme.DarkGoldMetalTheme.getPrimary3()","false",7076718
"AWT-EventQueue-0","com.sunshine.sunsdk.swing.Theme.DarkGoldMetalTheme.getPrimary3()","true",7076719
"AWT-EventQueue-0","com.sunshine.sunsdk.swing.Theme.DarkGoldMetalTheme.getPrimary3()","false",7076719
"AWT-EventQueue-0","com.sunshine.sunsdk.swing.Theme.DarkGoldMetalTheme.getPrimary3()","true",7076719
"AWT-EventQueue-0","com.sunshine.sunsdk.swing.Theme.DarkGoldMetalTheme.getPrimary1()","false",7076720
"AWT-EventQueue-0","com.sunshine.sunsdk.swing.Theme.DarkGoldMetalTheme.getPrimary1()","true",7076720
"AWT-EventQueue-0","com.sunshine.sunsdk.swing.Theme.DarkGoldMetalTheme.getPrimary3()","false",7076740
"AWT-EventQueue-0","com.sunshine.sunsdk.swing.Theme.DarkGoldMetalTheme.getPrimary3()","true",7076741
"AWT-EventQueue-0","com.sunshine.sunsdk.swing.Theme.DarkGoldMetalTheme.getPrimary1()","false",7076741
"AWT-EventQueue-0","com.sunshine.sunsdk.swing.Theme.DarkGoldMetalTheme.getPrimary1()","true",7076741
"AWT-EventQueue-0","com.sunshine.sunsdk.swing.TJButton.mouseExited(java.awt.event.MouseEvent)","false",7084085
"AWT-EventQueue-0","com.sunshine.sunsdk.swing.TJButton.mouseExited(java.awt.event.MouseEvent)","true",7084109
"AWT-EventQueue-0","com.sunshine.mainframe.HotelFrame.mouseExited(java.awt.event.MouseEvent)","false",7084112
"AWT-EventQueue-0","com.sunshine.mainframe.HotelFrame.mouseExited(java.awt.event.MouseEvent)","true",7084119
"AWT-EventQueue-0","com.sunshine.sunsdk.swing.Theme.DarkGoldMetalTheme.getSecondary2()","false",7085546
"AWT-EventQueue-0","com.sunshine.sunsdk.swing.Theme.DarkGoldMetalTheme.getSecondary2()","true",7085558
"AWT-EventQueue-0","com.sunshine.sunsdk.swing.Theme.DarkGoldMetalTheme.getSecondary1()","false",7087432
"AWT-EventQueue-0","com.sunshine.sunsdk.swing.Theme.DarkGoldMetalTheme.getSecondary1()","true",7087455
"AWT-EventQueue-0","com.sunshine.sunsdk.swing.Theme.DarkGoldMetalTheme.getSecondary3()","false",7087555
"AWT-EventQueue-0","com.sunshine.sunsdk.swing.Theme.DarkGoldMetalTheme.getSecondary3()","true",7087562
"AWT-EventQueue-0","com.sunshine.sunsdk.swing.Theme.DarkGoldMetalTheme.getSecondary2()","false",7547407
"AWT-EventQueue-0","com.sunshine.sunsdk.swing.Theme.DarkGoldMetalTheme.getSecondary2()","true",7547414
"AWT-EventQueue-0","com.sunshine.sunsdk.swing.Theme.DarkGoldMetalTheme.getSecondary2()","false",7549785
"AWT-EventQueue-0","com.sunshine.sunsdk.swing.Theme.DarkGoldMetalTheme.getSecondary2()","true",7549814
"AWT-EventQueue-0","com.sunshine.sunsdk.swing.Theme.DarkGoldMetalTheme.getSecondary2()","false",8048799
"AWT-EventQueue-0","com.sunshine.sunsdk.swing.Theme.DarkGoldMetalTheme.getSecondary2()","true",8048807
"AWT-EventQueue-0","com.sunshine.sunsdk.swing.Theme.DarkGoldMetalTheme.getSecondary2()","false",8051144
"AWT-EventQueue-0","com.sunshine.sunsdk.swing.Theme.DarkGoldMetalTheme.getSecondary2()","true",8051232
"AWT-EventQueue-0","com.sunshine.sunsdk.swing.Theme.DarkGoldMetalTheme.getSecondary1()","false",8500505
"AWT-EventQueue-0","com.sunshine.sunsdk.swing.Theme.DarkGoldMetalTheme.getSecondary1()","true",8501131
"AWT-EventQueue-0","com.sunshine.sunsdk.swing.Theme.DarkGoldMetalTheme.getSecondary2()","false",8501137
"AWT-EventQueue-0","com.sunshine.sunsdk.swing.Theme.DarkGoldMetalTheme.getSecondary2()","true",8501140
"AWT-EventQueue-0","com.sunshine.sunsdk.swing.Theme.DarkGoldMetalTheme.getPrimary1()","false",8503563
"AWT-EventQueue-0","com.sunshine.sunsdk.swing.Theme.DarkGoldMetalTheme.getPrimary1()","true",8503590
"AWT-EventQueue-0","com.sunshine.sunsdk.swing.Theme.DarkGoldMetalTheme.getPrimary1()","false",8503676
"AWT-EventQueue-0","com.sunshine.sunsdk.swing.Theme.DarkGoldMetalTheme.getPrimary1()","true",8503682
"AWT-EventQueue-0","com.sunshine.sunsdk.swing.Theme.DarkGoldMetalTheme.getPrimary1()","false",8504276
"AWT-EventQueue-0","com.sunshine.sunsdk.swing.Theme.DarkGoldMetalTheme.getPrimary1()","true",8504287
"AWT-EventQueue-0","com.sunshine.sunsdk.swing.Theme.DarkGoldMetalTheme.getPrimary1()","false",8504370
"AWT-EventQueue-0","com.sunshine.sunsdk.swing.Theme.DarkGoldMetalTheme.getPrimary1()","true",8504373
"AWT-EventQueue-0","com.sunshine.sunsdk.swing.Theme.DarkGoldMetalTheme.getSecondary1()","false",8505671
"AWT-EventQueue-0","com.sunshine.sunsdk.swing.Theme.DarkGoldMetalTheme.getSecondary1()","true",8505689
"AWT-EventQueue-0","com.sunshine.sunsdk.swing.Theme.DarkGoldMetalTheme.getSecondary1()","false",8505984
"AWT-EventQueue-0","com.sunshine.sunsdk.swing.Theme.DarkGoldMetalTheme.getSecondary1()","true",8505987
"AWT-EventQueue-0","com.sunshine.sunsdk.swing.Theme.DarkGoldMetalTheme.getSecondary1()","false",8506033
"AWT-EventQueue-0","com.sunshine.sunsdk.swing.Theme.DarkGoldMetalTheme.getSecondary1()","true",8506038
"AWT-EventQueue-0","com.sunshine.sunsdk.swing.Theme.DarkGoldMetalTheme.getSecondary1()","false",8506369
"AWT-EventQueue-0","com.sunshine.sunsdk.swing.Theme.DarkGoldMetalTheme.getSecondary1()","true",8506370
"AWT-EventQueue-0","com.sunshine.sunsdk.swing.Theme.DarkGoldMetalTheme.getSecondary1()","false",8507652
"AWT-EventQueue-0","com.sunshine.sunsdk.swing.Theme.DarkGoldMetalTheme.getSecondary1()","true",8507659
"AWT-EventQueue-0","com.sunshine.sunsdk.swing.Theme.DarkGoldMetalTheme.getSecondary1()","false",8508275
"AWT-EventQueue-0","com.sunshine.sunsdk.swing.Theme.DarkGoldMetalTheme.getSecondary1()","true",8508281
"AWT-EventQueue-0","com.sunshine.sunsdk.swing.Theme.DarkGoldMetalTheme.getSecondary1()","false",8508405
"AWT-EventQueue-0","com.sunshine.sunsdk.swing.Theme.DarkGoldMetalTheme.getSecondary1()","true",8508409
"AWT-EventQueue-0","com.sunshine.sunsdk.swing.Theme.DarkGoldMetalTheme.getSecondary1()","false",8508437
"AWT-EventQueue-0","com.sunshine.sunsdk.swing.Theme.DarkGoldMetalTheme.getSecondary1()","true",8508438
"AWT-EventQueue-0","com.sunshine.sunsdk.swing.Theme.DarkGoldMetalTheme.getSecondary1()","false",8520816
"AWT-EventQueue-0","com.sunshine.sunsdk.swing.Theme.DarkGoldMetalTheme.getSecondary1()","true",8520827
"AWT-EventQueue-0","com.sunshine.sunsdk.swing.Theme.DarkGoldMetalTheme.getSecondary3()","false",8520871
"AWT-EventQueue-0","com.sunshine.sunsdk.swing.Theme.DarkGoldMetalTheme.getSecondary3()","true",8520875
"AWT-EventQueue-0","com.sunshine.sunsdk.swing.Theme.DarkGoldMetalTheme.getSecondary1()","false",8523857
"AWT-EventQueue-0","com.sunshine.sunsdk.swing.Theme.DarkGoldMetalTheme.getSecondary1()","true",8523873
"AWT-EventQueue-0","com.sunshine.sunsdk.swing.Theme.DarkGoldMetalTheme.getSecondary3()","false",8523893
"AWT-EventQueue-0","com.sunshine.sunsdk.swing.Theme.DarkGoldMetalTheme.getSecondary3()","true",8523896
"AWT-EventQueue-0","com.sunshine.sunsdk.swing.Theme.DarkGoldMetalTheme.getSecondary1()","false",8523979
"AWT-EventQueue-0","com.sunshine.sunsdk.swing.Theme.DarkGoldMetalTheme.getSecondary1()","true",8523981
"AWT-EventQueue-0","com.sunshine.sunsdk.swing.Theme.DarkGoldMetalTheme.getSecondary3()","false",8523991
"AWT-EventQueue-0","com.sunshine.sunsdk.swing.Theme.DarkGoldMetalTheme.getSecondary3()","true",8523993
"AWT-EventQueue-0","com.sunshine.sunsdk.swing.Theme.DarkGoldMetalTheme.getSecondary1()","false",8524028
"AWT-EventQueue-0","com.sunshine.sunsdk.swing.Theme.DarkGoldMetalTheme.getSecondary1()","true",8524029
"AWT-EventQueue-0","com.sunshine.sunsdk.swing.Theme.DarkGoldMetalTheme.getSecondary3()","false",8524031
"AWT-EventQueue-0","com.sunshine.sunsdk.swing.Theme.DarkGoldMetalTheme.getSecondary3()","true",8524032
"AWT-EventQueue-0","com.sunshine.sunsdk.swing.Theme.DarkGoldMetalTheme.getSecondary2()","false",8554353
"AWT-EventQueue-0","com.sunshine.sunsdk.swing.Theme.DarkGoldMetalTheme.getSecondary2()","true",8554358
"AWT-EventQueue-0","com.sunshine.sunsdk.swing.Theme.DarkGoldMetalTheme.getSecondary1()","false",8554603
"AWT-EventQueue-0","com.sunshine.sunsdk.swing.Theme.DarkGoldMetalTheme.getSecondary1()","true",8554606
"AWT-EventQueue-0","com.sunshine.sunsdk.swing.Theme.DarkGoldMetalTheme.getSecondary3()","false",8554610
"AWT-EventQueue-0","com.sunshine.sunsdk.swing.Theme.DarkGoldMetalTheme.getSecondary3()","true",8554611
"AWT-EventQueue-0","com.sunshine.sunsdk.swing.Theme.DarkGoldMetalTheme.getSecondary1()","false",8554702
"AWT-EventQueue-0","com.sunshine.sunsdk.swing.Theme.DarkGoldMetalTheme.getSecondary1()","true",8554704
"AWT-EventQueue-0","com.sunshine.sunsdk.swing.Theme.DarkGoldMetalTheme.getSecondary3()","false",8554709
"AWT-EventQueue-0","com.sunshine.sunsdk.swing.Theme.DarkGoldMetalTheme.getSecondary3()","true",8554710
"AWT-EventQueue-0","com.sunshine.sunsdk.swing.Theme.DarkGoldMetalTheme.getSecondary1()","false",8554802
"AWT-EventQueue-0","com.sunshine.sunsdk.swing.Theme.DarkGoldMetalTheme.getSecondary1()","true",8554804
"AWT-EventQueue-0","com.sunshine.sunsdk.swing.Theme.DarkGoldMetalTheme.getSecondary3()","false",8554808
"AWT-EventQueue-0","com.sunshine.sunsdk.swing.Theme.DarkGoldMetalTheme.getSecondary3()","true",8554808
"AWT-EventQueue-0","com.sunshine.sunsdk.swing.Theme.DarkGoldMetalTheme.getSecondary1()","false",8554836
"AWT-EventQueue-0","com.sunshine.sunsdk.swing.Theme.DarkGoldMetalTheme.getSecondary1()","true",8554837
"AWT-EventQueue-0","com.sunshine.sunsdk.swing.Theme.DarkGoldMetalTheme.getSecondary3()","false",8554840
"AWT-EventQueue-0","com.sunshine.sunsdk.swing.Theme.DarkGoldMetalTheme.getSecondary3()","true",8554840
"AWT-EventQueue-0","com.sunshine.sunsdk.swing.Theme.DarkGoldMetalTheme.getSecondary1()","false",8554943
"AWT-EventQueue-0","com.sunshine.sunsdk.swing.Theme.DarkGoldMetalTheme.getSecondary1()","true",8554945
"AWT-EventQueue-0","com.sunshine.sunsdk.swing.Theme.DarkGoldMetalTheme.getSecondary3()","false",8554959
"AWT-EventQueue-0","com.sunshine.sunsdk.swing.Theme.DarkGoldMetalTheme.getSecondary3()","true",8554961
"AWT-EventQueue-0","com.sunshine.sunsdk.swing.Theme.DarkGoldMetalTheme.getSecondary1()","false",8555000
"AWT-EventQueue-0","com.sunshine.sunsdk.swing.Theme.DarkGoldMetalTheme.getSecondary1()","true",8555001
"AWT-EventQueue-0","com.sunshine.sunsdk.swing.Theme.DarkGoldMetalTheme.getSecondary3()","false",8555003
"AWT-EventQueue-0","com.sunshine.sunsdk.swing.Theme.DarkGoldMetalTheme.getSecondary3()","true",8555004
"AWT-EventQueue-0","com.sunshine.sunsdk.swing.Theme.DarkGoldMetalTheme.getSecondary1()","false",8555025
"AWT-EventQueue-0","com.sunshine.sunsdk.swing.Theme.DarkGoldMetalTheme.getSecondary1()","true",8555026
"AWT-EventQueue-0","com.sunshine.sunsdk.swing.Theme.DarkGoldMetalTheme.getSecondary3()","false",8555027
"AWT-EventQueue-0","com.sunshine.sunsdk.swing.Theme.DarkGoldMetalTheme.getSecondary3()","true",8555028
"AWT-EventQueue-0","com.sunshine.sunsdk.swing.Theme.DarkGoldMetalTheme.getSecondary1()","false",8555047
"AWT-EventQueue-0","com.sunshine.sunsdk.swing.Theme.DarkGoldMetalTheme.getSecondary1()","true",8555047
"AWT-EventQueue-0","com.sunshine.sunsdk.swing.Theme.DarkGoldMetalTheme.getSecondary3()","false",8555049
"AWT-EventQueue-0","com.sunshine.sunsdk.swing.Theme.DarkGoldMetalTheme.getSecondary3()","true",8555050
"AWT-EventQueue-0","com.sunshine.sunsdk.swing.Theme.DarkGoldMetalTheme.getSecondary1()","false",8555071
"AWT-EventQueue-0","com.sunshine.sunsdk.swing.Theme.DarkGoldMetalTheme.getSecondary1()","true",8555072
"AWT-EventQueue-0","com.sunshine.sunsdk.swing.Theme.DarkGoldMetalTheme.getSecondary3()","false",8555076
"AWT-EventQueue-0","com.sunshine.sunsdk.swing.Theme.DarkGoldMetalTheme.getSecondary3()","true",8555077
"AWT-EventQueue-0","com.sunshine.sunsdk.swing.Theme.DarkGoldMetalTheme.getSecondary1()","false",8555111
"AWT-EventQueue-0","com.sunshine.sunsdk.swing.Theme.DarkGoldMetalTheme.getSecondary1()","true",8555112
"AWT-EventQueue-0","com.sunshine.sunsdk.swing.Theme.DarkGoldMetalTheme.getSecondary3()","false",8555114
"AWT-EventQueue-0","com.sunshine.sunsdk.swing.Theme.DarkGoldMetalTheme.getSecondary3()","true",8555115
"AWT-EventQueue-0","com.sunshine.sunsdk.swing.Theme.DarkGoldMetalTheme.getSecondary2()","false",8555194
"AWT-EventQueue-0","com.sunshine.sunsdk.swing.Theme.DarkGoldMetalTheme.getSecondary2()","true",8555196
"AWT-EventQueue-0","com.sunshine.sunsdk.swing.Theme.DarkGoldMetalTheme.getPrimary3()","false",8555460
"AWT-EventQueue-0","com.sunshine.sunsdk.swing.Theme.DarkGoldMetalTheme.getPrimary3()","true",8555462
"AWT-EventQueue-0","com.sunshine.sunsdk.swing.Theme.DarkGoldMetalTheme.getPrimary3()","false",8555463
"AWT-EventQueue-0","com.sunshine.sunsdk.swing.Theme.DarkGoldMetalTheme.getPrimary3()","true",8555464
"AWT-EventQueue-0","com.sunshine.sunsdk.swing.Theme.DarkGoldMetalTheme.getPrimary1()","false",8555465
"AWT-EventQueue-0","com.sunshine.sunsdk.swing.Theme.DarkGoldMetalTheme.getPrimary1()","true",8555466
"AWT-EventQueue-0","com.sunshine.sunsdk.swing.Theme.DarkGoldMetalTheme.getSecondary3()","false",8555469
"AWT-EventQueue-0","com.sunshine.sunsdk.swing.Theme.DarkGoldMetalTheme.getSecondary3()","true",8555470
"AWT-EventQueue-0","com.sunshine.sunsdk.swing.Theme.DarkGoldMetalTheme.getSecondary1()","false",8555470
"AWT-EventQueue-0","com.sunshine.sunsdk.swing.Theme.DarkGoldMetalTheme.getSecondary1()","true",8555471
"AWT-EventQueue-0","com.sunshine.sunsdk.swing.Theme.DarkGoldMetalTheme.getPrimary3()","false",8555492
"AWT-EventQueue-0","com.sunshine.sunsdk.swing.Theme.DarkGoldMetalTheme.getPrimary3()","true",8555493
"AWT-EventQueue-0","com.sunshine.sunsdk.swing.Theme.DarkGoldMetalTheme.getPrimary3()","false",8555494
"AWT-EventQueue-0","com.sunshine.sunsdk.swing.Theme.DarkGoldMetalTheme.getPrimary3()","true",8555494
"AWT-EventQueue-0","com.sunshine.sunsdk.swing.Theme.DarkGoldMetalTheme.getPrimary1()","false",8555495
"AWT-EventQueue-0","com.sunshine.sunsdk.swing.Theme.DarkGoldMetalTheme.getPrimary1()","true",8555495
"AWT-EventQueue-0","com.sunshine.sunsdk.swing.Theme.DarkGoldMetalTheme.getSecondary3()","false",8555497
"AWT-EventQueue-0","com.sunshine.sunsdk.swing.Theme.DarkGoldMetalTheme.getSecondary3()","true",8555497
"AWT-EventQueue-0","com.sunshine.sunsdk.swing.Theme.DarkGoldMetalTheme.getSecondary1()","false",8555498
"AWT-EventQueue-0","com.sunshine.sunsdk.swing.Theme.DarkGoldMetalTheme.getSecondary1()","true",8555498
"AWT-EventQueue-0","com.sunshine.sunsdk.swing.Theme.DarkGoldMetalTheme.getPrimary3()","false",8555520
"AWT-EventQueue-0","com.sunshine.sunsdk.swing.Theme.DarkGoldMetalTheme.getPrimary3()","true",8555521
"AWT-EventQueue-0","com.sunshine.sunsdk.swing.Theme.DarkGoldMetalTheme.getPrimary3()","false",8555522
"AWT-EventQueue-0","com.sunshine.sunsdk.swing.Theme.DarkGoldMetalTheme.getPrimary3()","true",8555522
"AWT-EventQueue-0","com.sunshine.sunsdk.swing.Theme.DarkGoldMetalTheme.getPrimary1()","false",8555523
"AWT-EventQueue-0","com.sunshine.sunsdk.swing.Theme.DarkGoldMetalTheme.getPrimary1()","true",8555523
"AWT-EventQueue-0","com.sunshine.sunsdk.swing.Theme.DarkGoldMetalTheme.getSecondary3()","false",8555525
"AWT-EventQueue-0","com.sunshine.sunsdk.swing.Theme.DarkGoldMetalTheme.getSecondary3()","true",8555525
"AWT-EventQueue-0","com.sunshine.sunsdk.swing.Theme.DarkGoldMetalTheme.getSecondary1()","false",8555525
"AWT-EventQueue-0","com.sunshine.sunsdk.swing.Theme.DarkGoldMetalTheme.getSecondary1()","true",8555526
"AWT-EventQueue-0","com.sunshine.sunsdk.swing.Theme.DarkGoldMetalTheme.getPrimary3()","false",8555544
"AWT-EventQueue-0","com.sunshine.sunsdk.swing.Theme.DarkGoldMetalTheme.getPrimary3()","true",8555545
"AWT-EventQueue-0","com.sunshine.sunsdk.swing.Theme.DarkGoldMetalTheme.getPrimary1()","false",8555546
"AWT-EventQueue-0","com.sunshine.sunsdk.swing.Theme.DarkGoldMetalTheme.getPrimary1()","true",8555547
"AWT-EventQueue-0","com.sunshine.sunsdk.swing.Theme.DarkGoldMetalTheme.getSecondary2()","false",8557851
"AWT-EventQueue-0","com.sunshine.sunsdk.swing.Theme.DarkGoldMetalTheme.getSecondary2()","true",8557855
